Race_Ethc_Visa,Gender,HSGPA,SAT_Total,Entry_Term,Term.GPA,Persistence.NextYear,N.RegisteredCourse,N.Ws,N.DFs,N.As,N.PassedCourse,N.CourseTaken,Perc.PassedEnrolledCourse,Perc.Pass,Perc.Withd,N.GraduateCourse,FullTimeStudent
White,Female,71,1446,2131,2.99,1,4,1,0,1,3,3,0.75,1,0.25,0,1
Multi,Male,70,1207,2131,3.1,1,4,0,0,0,4,4,1,1,0,0,1
White,Female,100,1184,2131,2.42,1,4,0,0,1,4,4,1,1,0,0,1
White,Female,87,1231,2131,2.69,1,2,0,0,0,2,2,1,1,0,0,0
Asian,Female,81,1199,2131,1.21,1,3,1,0,0,2,2,0.666666667,1,0.333333333,0,0
Multi,Male,89,1141,2131,0.64,0,3,0,0,1,3,3,1,1,0,0,1
Multi,Male,82,1335,2131,0.78,1,1,0,0,0,1,1,1,1,0,0,0
Afram,Female,94,1287,2131,3.56,1,5,1,0,0,4,4,0.8,1,0.2,0,1
Asian,Male,81,1515,2131,3.3,1,4,2,0,2,2,2,0.5,1,0.5,0,0
Hispanic,Female,93,1230,2131,2.79,1,4,1,0,0,3,3,0.75,1,0.25,3,1
White,Male,58,1106,2131,1.14,1,1,0,0,0,1,1,1,1,0,1,0
Multi,Female,69,1389,2131,2.98,1,2,0,0,0,2,2,1,1,0,0,0
Afram,Male,74,940,2131,1.19,1,1,0,0,0,1,1,1,1,0,1,0
White,Female,83,1563,2131,2.29,1,4,2,0,0,2,2,0.5,1,0.5,0,0
Afram,Male,98,1189,2131,3.27,1,3,1,0,0,2,2,0.666666667,1,0.333333333,0,0
White,Male,71,964,2131,3.92,1,1,0,0,0,1,1,1,1,0,0,0
Afram,Male,58,1348,2131,3.59,1,5,0,0,1,5,5,1,1,0,0,1
Multi,Female,61,1104,2131,2.27,1,4,1,0,0,3,3,0.75,1,0.25,1,1
Afram,Female,58,1053,2131,3,1,2,1,0,1,1,1,0.5,1,0.5,1,0
Afram,Female,65,1453,2131,2.52,1,4,1,0,0,3,3,0.75,1,0.25,2,1
White,Male,72,1380,2131,2.88,1,3,0,0,0,3,3,1,1,0,0,1
Afram,Male,65,1132,2131,2.1,1,3,0,0,0,3,3,1,1,0,1,1
Hispanic,Male,70,1572,2131,2.65,1,7,1,0,0,6,6,0.857142857,1,0.142857143,0,1
Hispanic,Female,55,1248,2131,1.47,1,2,0,0,0,2,2,1,1,0,1,0
White,Male,91,948,2131,0.97,1,2,1,0,0,1,1,0.5,1,0.5,1,0
Afram,Male,92,905,2131,1.67,1,4,2,0,1,2,2,0.5,1,0.5,3,0
Multi,Female,60,1091,2131,0.69,1,4,0,0,0,4,4,1,1,0,0,1
Afram,Female,92,1174,2131,3.24,1,2,0,0,0,2,2,1,1,0,0,0
Afram,Female,74,1488,2131,1.86,1,6,0,0,1,6,6,1,1,0,1,1
Multi,Female,81,1115,2131,1.2,1,5,1,0,0,4,4,0.8,1,0.2,0,1
Multi,Female,83,1599,2131,2.25,1,5,1,0,1,4,4,0.8,1,0.2,1,1
Asian,Female,60,1115,2131,1.81,1,3,0,0,0,3,3,1,1,0,1,1
Asian,Male,95,1044,2131,1.58,1,5,1,0,0,4,4,0.8,1,0.2,1,1
Afram,Female,64,934,2131,3.54,1,2,0,0,0,2,2,1,1,0,1,0
White,Female,73,1180,2131,0.64,0,4,2,0,2,2,2,0.5,1,0.5,1,0
Multi,Male,58,1469,2131,2.51,1,4,0,0,1,4,4,1,1,0,0,1
Asian,Male,72,1543,2131,1.77,1,4,0,0,0,4,4,1,1,0,1,1
Asian,Male,68,1053,2131,1.82,1,4,0,0,2,4,4,1,1,0,0,1
Asian,Male,84,902,2131,3,1,8,2,0,3,6,6,0.75,1,0.25,1,1
White,Female,77,1523,2131,0.78,1,1,0,0,0,1,1,1,1,0,1,0
Hispanic,Male,61,1247,2131,3.92,1,6,2,0,1,4,4,0.666666667,1,0.333333333,2,1
Afram,Male,75,1413,2131,3.18,1,6,0,0,1,6,6,1,1,0,3,1
Afram,Male,70,1027,2131,0.65,0,3,0,0,1,3,3,1,1,0,0,1
White,Female,72,1433,2131,1.65,1,1,0,0,0,1,1,1,1,0,0,0
Hispanic,Female,55,1028,2131,2.41,1,3,1,0,0,2,2,0.666666667,1,0.333333333,0,0
Multi,Female,72,1557,2131,0.51,1,4,2,0,0,2,2,0.5,1,0.5,2,0
Afram,Male,76,1009,2131,0.81,0,1,0,0,1,1,1,1,1,0,0,0
Hispanic,Female,63,1416,2131,3.69,1,7,2,0,1,5,5,0.714285714,1,0.285714286,0,1
Asian,Female,67,1462,2131,2.43,1,2,0,0,0,2,2,1,1,0,1,0
White,Female,63,1196,2131,3.6,1,2,0,0,1,2,2,1,1,0,0,0
Multi,Female,81,1240,2131,1.8,1,3,1,0,0,2,2,0.666666667,1,0.333333333,1,0
Multi,Female,79,941,2131,1.14,1,4,0,0,1,4,4,1,1,0,0,1
Asian,Female,92,1072,2131,1.24,1,3,0,0,1,3,3,1,1,0,2,1
Multi,Male,89,1394,2131,2.91,1,3,0,0,0,3,3,1,1,0,2,1
White,Female,98,1443,2131,1.64,1,6,1,0,2,5,5,0.833333333,1,0.166666667,0,1
White,Male,88,1098,2131,1.57,1,4,1,0,2,3,3,0.75,1,0.25,1,1
Asian,Male,63,1362,2131,0.77,0,7,1,0,3,6,6,0.857142857,1,0.142857143,2,1
Multi,Female,74,980,2131,3.8,1,2,0,0,1,2,2,1,1,0,0,0
Afram,Female,97,1189,2131,3.7,1,3,1,0,0,2,2,0.666666667,1,0.333333333,0,0
Hispanic,Female,97,1305,2131,3.44,1,1,0,0,0,1,1,1,1,0,0,0
Multi,Female,82,1218,2131,2.13,1,2,0,0,0,2,2,1,1,0,0,0
Multi,Female,64,1008,2131,1.67,1,2,1,0,0,1,1,0.5,1,0.5,0,0
Hispanic,Female,97,1015,2131,3.96,1,2,2,0,0,0,0,0,NA,1,0,0
Afram,Female,95,1181,2131,3.26,1,4,0,0,1,4,4,1,1,0,0,1
White,Female,73,1514,2131,1.35,1,1,0,0,1,1,1,1,1,0,0,0
Hispanic,Male,67,1470,2131,0.94,1,3,1,0,1,2,2,0.666666667,1,0.333333333,0,0
Hispanic,Female,84,1004,2131,0.58,0,3,1,0,1,2,2,0.666666667,1,0.333333333,1,0
Afram,Male,67,1083,2131,2.17,1,3,1,0,1,2,2,0.666666667,1,0.333333333,0,0
Hispanic,Male,64,1019,2131,2.8,1,5,1,0,0,4,4,0.8,1,0.2,1,1
Afram,Male,72,929,2131,1.34,1,2,0,0,0,2,2,1,1,0,0,0
Multi,Female,97,1510,2131,1.45,1,2,0,0,0,2,2,1,1,0,0,0
Hispanic,Male,88,1311,2131,0.72,1,1,0,0,0,1,1,1,1,0,0,0
White,Male,98,1414,2131,1.76,1,5,0,0,1,5,5,1,1,0,1,1
Asian,Male,78,990,2131,2.3,1,6,2,0,3,4,4,0.666666667,1,0.333333333,0,1
Multi,Male,76,1521,2131,2.31,1,2,0,0,1,2,2,1,1,0,0,0
Asian,Female,80,1129,2131,1.66,1,3,0,0,0,3,3,1,1,0,1,1
White,Male,85,1349,2131,1.94,1,2,0,0,1,2,2,1,1,0,1,0
Afram,Male,93,1054,2131,3.65,1,3,0,0,1,3,3,1,1,0,0,1
White,Male,73,1548,2131,2.51,1,6,1,0,1,5,5,0.833333333,1,0.166666667,1,1
Afram,Male,92,1073,2131,1.26,1,5,3,0,0,2,2,0.4,1,0.6,1,0
Asian,Female,93,990,2131,1.93,1,6,0,0,2,6,6,1,1,0,1,1
Asian,Female,98,1561,2131,1.65,1,2,0,0,0,2,2,1,1,0,1,0
Afram,Female,62,1586,2131,2.55,1,3,1,0,1,2,2,0.666666667,1,0.333333333,0,0
White,Female,64,1586,2131,1.39,1,6,1,0,2,5,5,0.833333333,1,0.166666667,1,1
Asian,Female,70,1412,2131,2.85,1,3,1,0,0,2,2,0.666666667,1,0.333333333,0,0
Hispanic,Female,78,1451,2131,1.73,1,5,1,0,1,4,4,0.8,1,0.2,2,1
White,Male,66,1501,2131,2.5,1,8,1,0,0,7,7,0.875,1,0.125,1,1
Asian,Female,75,1133,2131,2.27,1,2,0,0,0,2,2,1,1,0,1,0
Hispanic,Male,72,1062,2131,1.41,1,2,1,0,1,1,1,0.5,1,0.5,1,0
Multi,Female,89,1148,2131,0.78,1,2,0,0,1,2,2,1,1,0,1,0
Asian,Male,78,1370,2131,1.72,1,3,0,0,0,3,3,1,1,0,0,1
Asian,Female,70,1093,2131,2.59,1,2,0,0,1,2,2,1,1,0,1,0
Afram,Male,70,1127,2131,1.89,1,1,0,0,0,1,1,1,1,0,0,0
Hispanic,Male,73,1434,2131,3.2,1,2,0,0,0,2,2,1,1,0,0,0
Hispanic,Female,88,1418,2131,2.73,1,3,0,0,2,3,3,1,1,0,0,1
Asian,Female,83,1321,2131,3.61,1,4,1,0,0,3,3,0.75,1,0.25,0,1
Asian,Female,64,1276,2131,2.26,1,2,0,0,0,2,2,1,1,0,0,0
Asian,Female,90,1123,2131,2.21,1,5,2,0,0,3,3,0.6,1,0.4,3,1
Afram,Male,60,1145,2131,1.49,1,3,1,0,1,2,2,0.666666667,1,0.333333333,2,0
Afram,Male,91,1323,2131,2.34,1,3,1,0,1,2,2,0.666666667,1,0.333333333,0,0
Afram,Male,60,1553,2131,1.38,1,3,0,0,1,3,3,1,1,0,2,1
Asian,Male,84,1225,2131,1.74,1,5,0,0,1,5,5,1,1,0,2,1
White,Male,98,1011,2131,3.14,1,5,1,0,1,4,4,0.8,1,0.2,0,1
Multi,Female,73,1013,2131,2.27,1,6,1,0,1,5,5,0.833333333,1,0.166666667,1,1
White,Male,87,1416,2131,3.57,1,2,0,0,0,2,2,1,1,0,0,0
Afram,Male,84,1320,2131,1.71,1,2,1,0,0,1,1,0.5,1,0.5,1,0
Hispanic,Female,95,1494,2131,1.08,1,3,0,0,1,3,3,1,1,0,0,1
Afram,Male,60,1576,2131,3.17,1,4,2,0,0,2,2,0.5,1,0.5,0,0
Multi,Male,95,1293,2131,2.08,1,1,0,0,0,1,1,1,1,0,0,0
White,Male,71,1151,2131,2.99,1,1,0,0,1,1,1,1,1,0,0,0
White,Male,83,1019,2131,0.5,0,1,0,0,0,1,1,1,1,0,0,0
Asian,Male,70,1335,2131,3.25,0,2,0,0,2,2,2,1,1,0,0,0
Afram,Female,83,1469,2131,0.79,1,6,1,0,1,5,5,0.833333333,1,0.166666667,1,1
Asian,Female,67,1099,2131,1.09,1,2,1,0,0,1,1,0.5,1,0.5,0,0
Asian,Male,69,1056,2131,1.46,1,8,2,0,0,6,6,0.75,1,0.25,1,1
Multi,Female,64,1133,2131,3.66,1,2,0,0,0,2,2,1,1,0,0,0
Afram,Female,70,1123,2131,1.6,1,3,0,0,1,3,3,1,1,0,0,1
Asian,Male,66,1560,2131,1.63,1,3,1,0,0,2,2,0.666666667,1,0.333333333,0,0
Asian,Female,56,1117,2131,1.7,1,5,0,0,1,5,5,1,1,0,0,1
Multi,Male,66,1417,2131,2.94,1,2,0,0,0,2,2,1,1,0,0,0
White,Male,70,993,2131,3.83,1,4,1,0,0,3,3,0.75,1,0.25,1,1
White,Male,72,1333,2131,3.97,1,8,1,0,3,7,7,0.875,1,0.125,1,1
Multi,Male,70,1574,2131,2.42,1,2,1,0,1,1,1,0.5,1,0.5,0,0
Afram,Male,59,1349,2131,2.05,1,2,0,0,1,2,2,1,1,0,0,0
Afram,Male,71,1539,2131,1.95,1,5,0,0,1,5,5,1,1,0,3,1
Multi,Female,79,1004,2131,3.58,1,4,2,0,0,2,2,0.5,1,0.5,0,0
Hispanic,Male,70,1411,2131,2.35,1,3,0,0,0,3,3,1,1,0,1,1
Hispanic,Female,86,1575,2131,2.54,1,3,0,0,0,3,3,1,1,0,0,1
Hispanic,Male,96,1449,2131,1.66,1,1,1,0,0,0,0,0,NA,1,1,0
Asian,Female,77,975,2131,1.87,1,5,1,0,0,4,4,0.8,1,0.2,0,1
Multi,Male,65,1531,2131,3.06,1,5,0,0,1,5,5,1,1,0,1,1
Afram,Female,89,1222,2131,3.85,1,2,2,0,0,0,0,0,NA,1,0,0
White,Female,62,1276,2131,4,1,5,2,0,0,3,3,0.6,1,0.4,0,1
White,Male,64,1400,2131,2.17,1,3,1,0,0,2,2,0.666666667,1,0.333333333,0,0
Hispanic,Female,89,1315,2131,1.26,1,2,0,0,0,2,2,1,1,0,1,0
Asian,Male,84,1523,2131,0.82,0,4,0,0,0,4,4,1,1,0,1,1
White,Male,63,1070,2131,2.3,1,7,2,0,1,5,5,0.714285714,1,0.285714286,1,1
Asian,Female,85,1298,2131,2.49,1,4,1,0,2,3,3,0.75,1,0.25,1,1
Asian,Male,64,1342,2131,1.4,1,4,1,0,0,3,3,0.75,1,0.25,0,1
Multi,Male,88,1533,2131,2.9,1,2,0,0,0,2,2,1,1,0,1,0
Multi,Female,63,1164,2131,1.31,1,5,0,0,2,5,5,1,1,0,2,1
White,Female,66,1124,2131,2.12,1,2,1,0,0,1,1,0.5,1,0.5,0,0
White,Male,59,1454,2131,1.52,1,4,1,0,0,3,3,0.75,1,0.25,1,1
Afram,Male,81,1326,2131,1.69,0,4,0,0,3,4,4,1,1,0,2,1
White,Female,71,1333,2131,2.56,1,8,1,0,2,7,7,0.875,1,0.125,1,1
White,Male,74,1119,2131,3.38,1,3,0,0,0,3,3,1,1,0,1,1
Afram,Male,84,1160,2131,2.74,1,2,1,0,0,1,1,0.5,1,0.5,1,0
Multi,Male,84,1131,2131,2.9,1,4,0,0,2,4,4,1,1,0,0,1
Afram,Female,50,1195,2131,0.74,0,2,0,0,1,2,2,1,1,0,1,0
Asian,Female,58,958,2131,1.99,1,6,1,0,1,5,5,0.833333333,1,0.166666667,2,1
Hispanic,Female,87,1493,2131,3.93,1,3,1,0,1,2,2,0.666666667,1,0.333333333,0,0
Multi,Female,76,1566,2131,0.51,1,2,0,0,0,2,2,1,1,0,1,0
White,Male,90,1272,2131,1.89,1,3,0,0,1,3,3,1,1,0,0,1
White,Male,70,1581,2131,2.71,1,2,0,0,1,2,2,1,1,0,0,0
Hispanic,Female,85,1372,2131,0.61,0,5,0,0,1,5,5,1,1,0,1,1
Hispanic,Female,88,932,2131,2.49,1,1,0,0,0,1,1,1,1,0,0,0
Asian,NA,95,1554,2131,2.54,1,4,1,0,0,3,3,0.75,1,0.25,2,1
White,Male,59,1588,2131,3.89,1,1,0,0,1,1,1,1,1,0,1,0
Asian,Female,82,964,2131,1.53,1,2,0,0,0,2,2,1,1,0,0,0
Multi,Male,75,1093,2131,1.94,1,1,0,0,0,1,1,1,1,0,1,0
Asian,Male,83,1370,2131,1.89,1,6,1,0,1,5,5,0.833333333,1,0.166666667,1,1
Multi,Female,96,1392,2131,3.18,1,3,1,0,0,2,2,0.666666667,1,0.333333333,0,0
Hispanic,Female,77,1287,2131,1.75,1,2,0,0,1,2,2,1,1,0,0,0
White,Male,67,1449,2131,3.9,1,3,1,0,0,2,2,0.666666667,1,0.333333333,0,0
White,Male,98,1209,2131,2.26,1,4,1,0,1,3,3,0.75,1,0.25,1,1
Asian,Male,80,1583,2131,0.58,0,5,1,0,3,4,4,0.8,1,0.2,0,1
Afram,Female,77,984,2131,1.64,1,4,1,0,0,3,3,0.75,1,0.25,1,1
Multi,Male,72,1287,2131,2.03,1,2,0,0,0,2,2,1,1,0,0,0
Afram,Female,71,1145,2131,1.14,1,1,0,0,0,1,1,1,1,0,0,0
Multi,Female,65,1232,2131,3.55,1,3,1,0,1,2,2,0.666666667,1,0.333333333,0,0
Afram,Female,88,1242,2131,3.62,1,9,3,0,0,6,6,0.666666667,1,0.333333333,0,1
Asian,Male,73,1266,2131,2.18,1,5,0,0,2,5,5,1,1,0,1,1
White,Female,73,1463,2131,3.71,1,3,0,0,0,3,3,1,1,0,1,1
Multi,Female,81,1353,2131,3.52,1,2,1,0,0,1,1,0.5,1,0.5,0,0
White,Male,58,1541,2131,3.99,1,3,1,0,2,2,2,0.666666667,1,0.333333333,3,0
Asian,Male,72,1381,2131,2.93,1,5,0,0,2,5,5,1,1,0,0,1
Asian,Female,63,1028,2131,1,0,4,1,0,2,3,3,0.75,1,0.25,2,1
Multi,Male,71,1530,2131,1.84,1,5,0,0,0,5,5,1,1,0,1,1
Hispanic,Female,100,1009,2131,2.15,1,3,1,0,1,2,2,0.666666667,1,0.333333333,0,0
Afram,Male,90,1567,2131,3.24,1,4,0,0,1,4,4,1,1,0,0,1
Multi,Female,82,1365,2131,3.23,1,3,1,0,2,2,2,0.666666667,1,0.333333333,0,0
Multi,Female,67,980,2131,3.89,1,3,2,0,0,1,1,0.333333333,1,0.666666667,2,0
Afram,Male,81,1101,2131,1.38,1,1,0,0,0,1,1,1,1,0,0,0
White,Female,97,1253,2131,1.23,1,2,0,0,2,2,2,1,1,0,0,0
Multi,Female,63,1553,2131,2.22,1,2,2,0,0,0,0,0,NA,1,0,0
Hispanic,Male,75,1162,2131,2.84,1,3,0,0,0,3,3,1,1,0,0,1
Asian,Male,52,1396,2131,0.58,0,4,2,0,1,2,2,0.5,1,0.5,0,0
Multi,Male,91,1015,2131,0.72,1,3,2,0,0,1,1,0.333333333,1,0.666666667,0,0
Hispanic,Female,59,1301,2131,0.54,0,5,0,4,0,1,5,0.2,0.2,0,2,1
Asian,Female,75,1282,2131,0.86,0,2,0,0,1,2,2,1,1,0,2,0
Multi,Male,68,1593,2131,4,1,4,1,1,1,2,3,0.5,0.666666667,0.25,1,1
Multi,Male,91,1272,2131,0.63,1,2,0,1,1,1,2,0.5,0.5,0,0,0
Afram,Male,96,1043,2131,3.58,1,4,0,3,0,1,4,0.25,0.25,0,1,1
Asian,Male,60,1431,2131,0.95,1,6,3,2,0,1,3,0.166666667,0.333333333,0.5,1,1
Afram,Female,68,1368,2131,2.37,1,5,0,2,2,3,5,0.6,0.6,0,1,1
Hispanic,Female,72,923,2131,2.43,1,4,2,0,2,2,2,0.5,1,0.5,0,0
Afram,Male,100,1153,2131,3,1,2,1,0,1,1,1,0.5,1,0.5,1,0
Afram,Male,72,1032,2131,2.52,1,6,0,4,2,2,6,0.333333333,0.333333333,0,0,1
Hispanic,Female,97,1169,2131,3.86,1,3,1,0,1,2,2,0.666666667,1,0.333333333,0,0
Multi,Female,65,1048,2131,0.87,0,2,0,1,0,1,2,0.5,0.5,0,0,0
Multi,Male,72,926,2131,1.51,1,3,1,1,0,1,2,0.333333333,0.5,0.333333333,0,0
Hispanic,Female,66,1128,2131,0.97,1,4,1,1,0,2,3,0.5,0.666666667,0.25,1,1
Asian,Female,79,1519,2131,0.61,0,4,2,0,1,2,2,0.5,1,0.5,1,0
Hispanic,Male,89,1422,2131,1.73,1,3,0,2,0,1,3,0.333333333,0.333333333,0,0,1
Hispanic,Female,97,1572,2131,2.71,1,3,1,1,1,1,2,0.333333333,0.5,0.333333333,1,0
Hispanic,Female,63,978,2131,1.7,1,5,1,2,1,2,4,0.4,0.5,0.2,1,1
Asian,Male,60,1269,2131,3.81,1,2,0,1,0,1,2,0.5,0.5,0,0,0
Afram,Female,79,1504,2131,1.2,0,6,2,0,4,4,4,0.666666667,1,0.333333333,1,1
Hispanic,Male,82,938,2131,1.78,1,3,0,1,0,2,3,0.666666667,0.666666667,0,0,1
Hispanic,Female,65,971,2131,2.49,1,3,1,1,0,1,2,0.333333333,0.5,0.333333333,0,0
Asian,Female,75,1489,2131,0.56,0,3,0,2,1,1,3,0.333333333,0.333333333,0,1,1
White,Female,95,1074,2131,2.12,1,2,0,0,2,2,2,1,1,0,0,0
Afram,Male,100,1448,2131,2.53,1,1,0,0,1,1,1,1,1,0,0,0
White,Male,70,1235,2131,1.66,1,1,0,0,1,1,1,1,1,0,0,0
White,Female,93,1081,2131,3.02,1,1,1,0,0,0,0,0,NA,1,1,0
Multi,Male,76,952,2131,1.72,1,1,0,0,1,1,1,1,1,0,0,0
White,Female,60,1270,2131,1.3,1,2,0,0,2,2,2,1,1,0,1,0
Multi,Male,61,1250,2131,1.69,1,2,0,0,1,2,2,1,1,0,0,0
White,Male,74,1533,2131,3.01,1,5,0,0,2,5,5,1,1,0,0,1
Afram,Male,74,1000,2131,3.05,1,5,2,0,3,3,3,0.6,1,0.4,0,1
Hispanic,Male,93,1278,2131,3.55,1,2,0,0,1,2,2,1,1,0,0,0
Hispanic,Male,62,1574,2131,3.14,1,3,1,0,2,2,2,0.666666667,1,0.333333333,0,0
Hispanic,Male,63,1589,2131,2.04,1,2,0,0,2,2,2,1,1,0,0,0
Multi,Female,77,1128,2131,1.07,1,6,2,0,2,4,4,0.666666667,1,0.333333333,2,1
Afram,Male,62,1344,2131,3.59,1,5,1,0,3,4,4,0.8,1,0.2,3,1
Afram,Female,89,1567,2131,1.37,1,1,0,0,0,1,1,1,1,0,0,0
Hispanic,Male,80,986,2131,2.37,1,4,0,0,3,4,4,1,1,0,0,1
Multi,Female,89,1398,2131,2.59,1,3,0,0,2,3,3,1,1,0,0,1
Multi,Male,61,1021,2131,2.81,1,5,2,0,2,3,3,0.6,1,0.4,0,1
Multi,Male,91,1537,2131,2.56,1,4,0,0,3,4,4,1,1,0,0,1
Hispanic,Female,86,1280,2131,2.89,1,3,0,0,3,3,3,1,1,0,0,1
Asian,Male,75,959,2131,0.52,0,2,0,0,2,2,2,1,1,0,0,0
Afram,Female,82,1204,2131,1.64,1,5,0,0,3,5,5,1,1,0,0,1
Hispanic,Female,58,1009,2131,0.55,1,5,1,0,4,4,4,0.8,1,0.2,2,1
Asian,Female,55,985,2131,1.1,1,2,0,0,1,2,2,1,1,0,0,0
Asian,Female,93,1570,2131,1.82,1,2,2,0,0,0,0,0,NA,1,1,0
Asian,Male,73,1485,2131,3.43,1,3,0,0,2,3,3,1,1,0,0,1
Multi,Female,57,1563,2131,2.96,1,3,1,0,1,2,2,0.666666667,1,0.333333333,1,0
Multi,Female,64,1485,2131,3.04,1,6,0,0,5,6,6,1,1,0,1,1
Afram,Female,73,1054,2131,1.12,1,2,2,0,0,0,0,0,NA,1,0,0
Asian,Female,66,1351,2131,2.34,1,7,0,0,3,7,7,1,1,0,2,1
Asian,Male,62,1361,2131,0.77,0,2,0,0,1,2,2,1,1,0,1,0
White,Male,56,1499,2131,3.56,1,1,0,0,0,1,1,1,1,0,0,0
Multi,Female,81,966,2131,2.8,1,4,0,0,1,4,4,1,1,0,1,1
Hispanic,Female,74,1589,2131,1.7,1,2,1,0,1,1,1,0.5,1,0.5,2,0
Hispanic,Female,86,923,2131,3.21,1,2,1,0,1,1,1,0.5,1,0.5,0,0
Afram,Female,84,957,2131,3.07,1,5,0,0,4,5,5,1,1,0,0,1
Multi,Female,55,1574,2131,1,1,4,0,0,2,4,4,1,1,0,1,1
Hispanic,Female,56,957,2131,1.2,1,2,0,0,1,2,2,1,1,0,0,0
Multi,Female,58,1500,2131,0.91,1,5,0,0,2,5,5,1,1,0,1,1
Multi,Male,87,1400,2131,3.71,1,5,0,0,3,5,5,1,1,0,2,1
White,Male,73,971,2131,0.52,0,2,0,0,1,2,2,1,1,0,0,0
White,Male,89,1402,2131,0.6,0,4,1,0,1,3,3,0.75,1,0.25,1,1
Hispanic,Male,78,1077,2131,2.53,1,2,0,0,1,2,2,1,1,0,0,0
Asian,Male,95,1574,2131,3.33,1,2,0,0,1,2,2,1,1,0,0,0
Afram,Female,96,980,2131,1.22,1,4,0,0,3,4,4,1,1,0,1,1
White,Female,91,1291,2131,2.01,1,4,1,0,3,3,3,0.75,1,0.25,1,1
White,Male,57,1551,2131,1.38,1,3,1,0,1,2,2,0.666666667,1,0.333333333,1,0
Hispanic,Male,98,1339,2131,3.67,1,3,0,0,3,3,3,1,1,0,0,1
Afram,Female,93,1273,2131,3.39,1,6,1,0,2,5,5,0.833333333,1,0.166666667,0,1
Multi,Male,79,1059,2131,0.79,0,5,1,0,2,4,4,0.8,1,0.2,0,1
Hispanic,Male,83,1541,2131,0.73,0,3,0,0,2,3,3,1,1,0,2,1
White,Male,62,1161,2131,3.46,1,3,0,0,3,3,3,1,1,0,0,1
Multi,Female,75,1379,2131,1.94,0,3,0,0,3,3,3,1,1,0,1,1
Asian,Female,94,1252,2131,2.36,1,4,1,0,0,3,3,0.75,1,0.25,1,1
Multi,Female,60,1543,2131,3.12,1,4,0,0,2,4,4,1,1,0,1,1
Multi,Male,76,1487,2131,2.78,1,5,2,0,1,3,3,0.6,1,0.4,0,1
White,Female,76,1523,2131,1.53,1,3,0,0,3,3,3,1,1,0,0,1
Asian,Female,71,1060,2131,2.27,1,5,2,0,2,3,3,0.6,1,0.4,1,1
Hispanic,Male,66,937,2131,3.07,1,3,1,0,2,2,2,0.666666667,1,0.333333333,0,0
Asian,Female,96,1170,2131,1.64,1,2,0,0,2,2,2,1,1,0,0,0
Multi,Male,92,1417,2131,1.29,1,5,2,0,3,3,3,0.6,1,0.4,0,1
Multi,Male,58,1240,2131,3,1,6,0,0,3,6,6,1,1,0,0,1
Asian,Male,86,1207,2131,3.41,1,4,1,0,2,3,3,0.75,1,0.25,0,1
White,Male,96,1003,2131,2.09,1,2,0,0,0,2,2,1,1,0,1,0
Multi,Female,88,1507,2131,3.69,1,9,4,0,5,5,5,0.555555556,1,0.444444444,1,1
Afram,Female,67,1579,2131,1.65,1,6,1,0,4,5,5,0.833333333,1,0.166666667,1,1
Hispanic,Male,75,1460,2131,3.4,1,1,0,0,1,1,1,1,1,0,0,0
Multi,Female,55,1177,2131,1.19,1,2,0,0,1,2,2,1,1,0,0,0
Afram,Female,69,1186,2131,2.06,1,4,0,0,2,4,4,1,1,0,2,1
Hispanic,Female,72,1018,2131,2.62,1,3,1,0,1,2,2,0.666666667,1,0.333333333,0,0
Multi,Female,59,1462,2131,2.59,1,1,1,0,0,0,0,0,NA,1,1,0
Asian,Female,75,992,2131,1.6,1,7,2,0,2,5,5,0.714285714,1,0.285714286,1,1
Hispanic,Male,68,1233,2131,3.31,1,6,1,0,2,5,5,0.833333333,1,0.166666667,1,1
Afram,Female,87,1017,2131,3.53,1,3,0,0,2,3,3,1,1,0,1,1
Multi,Male,71,1282,2131,3.39,1,1,0,0,1,1,1,1,1,0,1,0
Asian,Male,77,947,2131,3.37,1,1,0,0,1,1,1,1,1,0,0,0
Multi,Male,94,1061,2131,3.53,1,3,1,0,1,2,2,0.666666667,1,0.333333333,0,0
White,Female,66,1213,2131,2.84,1,4,1,0,2,3,3,0.75,1,0.25,0,1
Asian,Male,82,1547,2131,1.26,1,1,0,0,0,1,1,1,1,0,1,0
Asian,Male,96,1384,2131,3.96,1,3,0,0,1,3,3,1,1,0,0,1
White,Female,56,941,2131,2.59,1,2,0,0,2,2,2,1,1,0,0,0
Asian,Male,74,1511,2131,1.36,1,4,0,0,3,4,4,1,1,0,0,1
Afram,Female,86,991,2131,1.93,1,1,0,0,1,1,1,1,1,0,0,0
Afram,Male,58,1572,2131,2.73,1,6,0,0,4,6,6,1,1,0,1,1
White,Female,81,1129,2131,1.81,1,8,0,0,5,8,8,1,1,0,2,1
White,Female,90,1072,2131,0.57,0,2,0,0,2,2,2,1,1,0,0,0
Multi,Female,59,1196,2131,3.68,1,4,1,0,2,3,3,0.75,1,0.25,1,1
Asian,Male,73,1389,2131,1.56,1,4,1,0,3,3,3,0.75,1,0.25,1,1
Afram,Female,83,921,2131,2.22,1,5,0,0,2,5,5,1,1,0,0,1
Hispanic,Male,74,1317,2131,2.93,1,3,1,0,2,2,2,0.666666667,1,0.333333333,1,0
Asian,Male,97,1154,2131,2.81,1,7,2,0,2,5,5,0.714285714,1,0.285714286,3,1
Afram,Male,81,1442,2131,1.95,1,3,1,0,1,2,2,0.666666667,1,0.333333333,1,0
Afram,Male,78,1310,2131,1.9,1,4,0,0,3,4,4,1,1,0,1,1
White,Male,89,1094,2131,3.85,1,6,1,0,4,5,5,0.833333333,1,0.166666667,2,1
Multi,Female,74,1376,2131,3.14,1,3,0,0,3,3,3,1,1,0,1,1
Afram,Female,95,1427,2131,1.72,1,2,0,0,0,2,2,1,1,0,0,0
Hispanic,Female,72,1140,2131,2.43,1,2,0,0,2,2,2,1,1,0,1,0
White,Male,84,1274,2131,1.31,1,3,1,0,1,2,2,0.666666667,1,0.333333333,1,0
Afram,Female,85,1112,2131,3.81,1,6,2,0,3,4,4,0.666666667,1,0.333333333,0,1
Asian,Male,75,1543,2131,3.45,1,4,0,0,2,4,4,1,1,0,0,1
Hispanic,Male,97,984,2131,2.03,1,4,3,0,0,1,1,0.25,1,0.75,0,0
Afram,Male,61,1600,2131,3.02,1,2,0,0,2,2,2,1,1,0,1,0
Multi,Male,66,1058,2131,2.43,1,2,0,0,2,2,2,1,1,0,0,0
Hispanic,Female,79,1506,2131,1.33,1,3,0,0,1,3,3,1,1,0,2,1
Asian,Female,59,1501,2131,3.5,1,3,0,0,3,3,3,1,1,0,1,1
Hispanic,Male,71,1097,2131,1.58,1,5,1,0,3,4,4,0.8,1,0.2,0,1
Hispanic,Male,74,1094,2131,3.89,1,3,1,0,2,2,2,0.666666667,1,0.333333333,0,0
White,Male,83,1556,2131,1.88,0,2,0,0,1,2,2,1,1,0,1,0
Multi,Female,62,1378,2131,1.48,1,8,3,0,3,5,5,0.625,1,0.375,3,1
Hispanic,Male,85,972,2131,3.7,1,2,0,0,1,2,2,1,1,0,1,0
Hispanic,Male,70,1256,2131,1.88,1,5,0,0,5,5,5,1,1,0,1,1
Asian,Male,70,1243,2131,0.91,1,5,1,0,3,4,4,0.8,1,0.2,0,1
White,Female,81,1245,2131,3.61,1,1,0,0,0,1,1,1,1,0,0,0
White,Female,83,1027,2131,2.79,1,2,1,0,1,1,1,0.5,1,0.5,0,0
Hispanic,Female,68,1013,2131,3.04,1,5,1,0,3,4,4,0.8,1,0.2,1,1
Hispanic,Female,66,1045,2131,2.91,1,3,0,0,3,3,3,1,1,0,0,1
Asian,Male,63,1032,2131,3.43,1,4,0,0,3,4,4,1,1,0,0,1
Multi,Male,79,1192,2131,0.56,1,4,1,0,2,3,3,0.75,1,0.25,0,1
Asian,Female,82,1594,2131,2.41,1,3,0,0,0,3,3,1,1,0,1,1
Hispanic,Female,81,1207,2131,1.78,0,3,1,0,1,2,2,0.666666667,1,0.333333333,1,0
Asian,Female,82,1399,2131,3.92,1,1,0,0,0,1,1,1,1,0,0,0
Afram,Male,66,1442,2131,2.25,1,1,0,0,0,1,1,1,1,0,1,0
Hispanic,Male,84,1182,2131,3.7,1,6,0,0,2,6,6,1,1,0,1,1
White,Male,88,999,2131,2.43,1,4,0,0,2,4,4,1,1,0,0,1
Multi,Male,81,1512,2131,0.54,0,8,1,0,5,7,7,0.875,1,0.125,0,1
Afram,Male,55,1482,2131,3.11,1,1,0,0,1,1,1,1,1,0,0,0
Multi,Female,97,1266,2131,1.08,1,2,0,0,1,2,2,1,1,0,0,0
Multi,Male,73,1029,2131,1.74,1,2,1,0,1,1,1,0.5,1,0.5,0,0
White,Male,73,1573,2131,3.67,1,4,2,0,2,2,2,0.5,1,0.5,2,0
Hispanic,Male,89,1569,2131,3.27,1,4,2,0,2,2,2,0.5,1,0.5,2,0
Afram,Male,90,1033,2131,3.83,1,2,0,0,2,2,2,1,1,0,1,0
Asian,Female,73,960,2131,2.87,1,1,0,0,0,1,1,1,1,0,0,0
Multi,Male,94,1133,2131,2.35,1,4,1,0,0,3,3,0.75,1,0.25,2,1
White,Male,79,1536,2131,1.77,1,5,3,0,2,2,2,0.4,1,0.6,0,0
Afram,Female,70,1183,2131,2.25,1,4,1,0,0,3,3,0.75,1,0.25,0,1
Multi,Male,86,1331,2131,1.02,1,7,1,0,2,6,6,0.857142857,1,0.142857143,2,1
Asian,Male,91,1221,2131,2.11,1,1,1,0,0,0,0,0,NA,1,0,0
Afram,Male,85,1148,2131,2.28,1,2,0,0,0,2,2,1,1,0,0,0
Asian,Male,89,1219,2131,0.73,0,2,0,0,1,2,2,1,1,0,0,0
Afram,Female,66,1358,2131,2.5,1,5,1,0,4,4,4,0.8,1,0.2,0,1
Hispanic,Male,65,1199,2131,1.69,1,3,1,0,1,2,2,0.666666667,1,0.333333333,0,0
Asian,Male,64,1005,2131,1.62,0,4,0,0,4,4,4,1,1,0,2,1
Hispanic,Female,64,1264,2131,1.1,1,5,0,0,2,5,5,1,1,0,0,1
White,Female,90,981,2131,2.23,1,4,0,0,0,4,4,1,1,0,0,1
Asian,Male,98,1338,2131,2.55,1,7,1,0,3,6,6,0.857142857,1,0.142857143,2,1
Hispanic,Male,66,963,2131,2,1,4,1,0,3,3,3,0.75,1,0.25,1,1
White,Female,87,1455,2131,3.23,1,3,0,0,1,3,3,1,1,0,0,1
Afram,Female,52,1030,2131,0.86,0,3,1,0,1,2,2,0.666666667,1,0.333333333,0,0
Asian,Male,91,1483,2131,0.94,1,4,2,0,0,2,2,0.5,1,0.5,1,0
Hispanic,Male,91,1370,2131,2.04,1,2,0,0,1,2,2,1,1,0,0,0
Afram,Male,74,1194,2131,3.55,1,3,0,0,2,3,3,1,1,0,1,1
Afram,Male,65,1228,2131,0.84,0,2,0,0,2,2,2,1,1,0,0,0
Asian,Male,58,1423,2131,2.49,1,5,0,0,3,5,5,1,1,0,0,1
White,Male,83,1102,2131,0.58,0,4,0,0,4,4,4,1,1,0,2,1
Hispanic,Female,75,1040,2131,3.43,1,5,1,0,3,4,4,0.8,1,0.2,0,1
White,Female,58,964,2131,3.92,1,7,2,0,4,5,5,0.714285714,1,0.285714286,1,1
Asian,Male,60,1332,2131,2.25,1,6,2,0,3,4,4,0.666666667,1,0.333333333,1,1
Hispanic,Male,71,1053,2131,3.03,1,2,0,0,1,2,2,1,1,0,0,0
Multi,Female,75,950,2131,1.6,1,2,0,0,2,2,2,1,1,0,0,0
White,Male,77,1377,2131,1.61,1,5,2,0,3,3,3,0.6,1,0.4,0,1
Hispanic,Female,99,1402,2131,0.89,1,2,1,0,1,1,1,0.5,1,0.5,0,0
Afram,Male,60,1578,2131,2.36,1,1,0,0,1,1,1,1,1,0,0,0
White,Female,92,1285,2131,3.83,1,3,2,0,1,1,1,0.333333333,1,0.666666667,1,0
Asian,Female,74,1271,2131,2.49,1,4,2,0,0,2,2,0.5,1,0.5,0,0
White,Male,71,1218,2131,3.61,1,4,0,0,3,4,4,1,1,0,0,1
Multi,Female,60,1556,2131,2.29,1,6,3,0,1,3,3,0.5,1,0.5,2,1
Hispanic,Male,91,1512,2131,3.04,1,3,1,0,1,2,2,0.666666667,1,0.333333333,0,0
Hispanic,Male,94,1131,2131,3.55,1,1,0,0,1,1,1,1,1,0,0,0
Asian,Female,88,1112,2131,2.54,1,4,0,0,3,4,4,1,1,0,2,1
Multi,Female,97,1572,2131,2.52,1,1,0,0,1,1,1,1,1,0,0,0
Multi,Male,59,1347,2131,1.23,1,2,0,0,1,2,2,1,1,0,1,0
Afram,Female,80,1031,2131,3.45,1,2,0,0,2,2,2,1,1,0,1,0
White,Female,85,1244,2131,3.01,1,1,1,0,0,0,0,0,NA,1,0,0
White,Female,89,1425,2131,2.98,1,5,2,0,3,3,3,0.6,1,0.4,0,1
White,Male,70,1162,2131,3.53,1,2,0,0,0,2,2,1,1,0,0,0
Asian,Female,68,1002,2131,2.71,1,3,0,0,2,3,3,1,1,0,2,1
Multi,Male,93,1181,2131,1.33,1,5,1,0,3,4,4,0.8,1,0.2,0,1
Afram,Male,86,1129,2131,2.86,1,2,1,0,1,1,1,0.5,1,0.5,0,0
Asian,Male,65,912,2131,3.82,1,6,2,0,4,4,4,0.666666667,1,0.333333333,2,1
White,Female,73,1223,2131,1.42,1,4,1,0,2,3,3,0.75,1,0.25,0,1
Asian,Male,74,919,2131,3.23,1,3,0,0,2,3,3,1,1,0,1,1
Hispanic,Female,87,1337,2131,2.71,1,1,0,0,1,1,1,1,1,0,0,0
Afram,Male,57,1038,2131,0.52,1,6,1,0,4,5,5,0.833333333,1,0.166666667,2,1
Asian,Female,68,903,2131,2.65,1,1,0,0,1,1,1,1,1,0,0,0
White,Female,65,1079,2131,2.9,1,3,1,0,2,2,2,0.666666667,1,0.333333333,1,0
Afram,Male,96,1075,2131,1.18,1,3,0,0,2,3,3,1,1,0,0,1
Multi,Male,100,1424,2131,2.99,1,1,1,0,0,0,0,0,NA,1,0,0
Multi,Male,84,945,2131,3.77,1,5,0,0,4,5,5,1,1,0,1,1
Hispanic,Female,67,904,2131,0.98,1,4,0,0,3,4,4,1,1,0,0,1
Asian,Female,78,945,2131,3.11,1,3,0,0,0,3,3,1,1,0,1,1
White,Female,82,1024,2131,3.38,1,4,1,0,2,3,3,0.75,1,0.25,0,1
Multi,Male,90,1091,2131,0.94,1,7,4,0,2,3,3,0.428571429,1,0.571428571,0,1
Multi,Female,77,1525,2131,1.22,1,3,0,0,3,3,3,1,1,0,2,1
Afram,Male,66,1580,2131,3.65,1,3,0,0,1,3,3,1,1,0,1,1
Asian,Male,89,1280,2131,1.69,1,4,0,0,3,4,4,1,1,0,1,1
White,Female,90,1454,2131,1.71,1,2,0,0,1,2,2,1,1,0,1,0
Afram,Male,56,957,2131,3.31,1,3,1,0,1,2,2,0.666666667,1,0.333333333,0,0
Afram,Female,76,936,2131,3.03,1,2,0,0,0,2,2,1,1,0,1,0
Multi,Male,56,1216,2131,2.4,1,1,0,0,1,1,1,1,1,0,0,0
Hispanic,Male,55,1243,2131,2.08,1,1,1,0,0,0,0,0,NA,1,1,0
Hispanic,Female,93,1067,2131,3.5,1,5,0,0,4,5,5,1,1,0,1,1
Afram,Male,98,1445,2131,2.01,1,4,1,0,1,3,3,0.75,1,0.25,0,1
Asian,Female,81,1515,2131,0.77,0,4,0,0,4,4,4,1,1,0,0,1
Afram,Male,90,1446,2131,0.78,1,1,0,0,1,1,1,1,1,0,0,0
Multi,Female,80,1246,2131,3.04,1,3,1,0,1,2,2,0.666666667,1,0.333333333,0,0
Multi,Female,66,1146,2131,1.5,1,2,0,0,2,2,2,1,1,0,1,0
Hispanic,Male,78,1405,2131,1.01,1,3,3,0,0,0,0,0,NA,1,2,0
Multi,Male,99,1136,2131,2.15,1,3,0,0,2,3,3,1,1,0,0,1
Multi,Male,95,1405,2131,2.89,1,6,1,0,3,5,5,0.833333333,1,0.166666667,1,1
Asian,Female,78,934,2131,2.49,1,4,4,0,0,0,0,0,NA,1,0,0
Multi,Male,88,1052,2131,1.46,1,5,2,0,1,3,3,0.6,1,0.4,1,1
Asian,Female,63,1420,2131,2.62,1,1,0,0,0,1,1,1,1,0,0,0
Hispanic,Female,62,1010,2131,3.07,1,5,1,0,3,4,4,0.8,1,0.2,0,1
Multi,Female,63,1039,2131,2.13,1,4,1,0,3,3,3,0.75,1,0.25,0,1
Hispanic,Male,72,1583,2131,2.46,1,4,0,0,1,4,4,1,1,0,0,1
Hispanic,Male,74,1258,2131,2.43,1,4,2,0,0,2,2,0.5,1,0.5,0,0
Multi,Female,68,1586,2131,2.44,1,6,1,0,4,5,5,0.833333333,1,0.166666667,1,1
Hispanic,Male,66,1088,2131,3.9,1,4,0,0,2,4,4,1,1,0,0,1
Asian,Male,78,978,2131,2.42,1,3,0,0,2,3,3,1,1,0,0,1
White,Female,70,1106,2131,1.31,1,3,0,0,0,3,3,1,1,0,0,1
Afram,Male,88,1252,2131,2.19,1,3,0,0,0,3,3,1,1,0,1,1
Multi,Male,94,1504,2131,1.36,1,2,2,0,0,0,0,0,NA,1,0,0
Hispanic,Female,94,1309,2131,2.51,1,4,1,0,1,3,3,0.75,1,0.25,0,1
White,Female,98,1365,2131,3.49,1,5,0,0,4,5,5,1,1,0,1,1
Afram,Female,63,978,2131,3.71,1,2,1,0,1,1,1,0.5,1,0.5,1,0
Multi,Female,79,1016,2131,2.29,1,1,0,0,0,1,1,1,1,0,0,0
Afram,Female,98,1531,2131,1.3,1,4,0,0,3,4,4,1,1,0,1,1
Afram,Male,92,1595,2131,3.37,1,7,1,0,4,6,6,0.857142857,1,0.142857143,2,1
Hispanic,Female,100,1281,2131,3.78,1,7,0,0,2,7,7,1,1,0,3,1
Asian,Female,89,1502,2131,3.56,1,3,0,0,2,3,3,1,1,0,0,1
Multi,Female,75,1406,2131,1.85,1,2,2,0,0,0,0,0,NA,1,0,0
Multi,Male,84,1093,2131,3.18,1,6,1,0,2,5,5,0.833333333,1,0.166666667,0,1
Afram,Male,56,1307,2131,2.28,1,5,0,0,2,5,5,1,1,0,0,1
White,Female,99,1066,2131,3.46,1,3,1,0,2,2,2,0.666666667,1,0.333333333,1,0
Asian,Female,83,1306,2131,2.31,1,2,0,0,1,2,2,1,1,0,0,0
Asian,Female,81,1411,2131,2.85,1,4,0,0,3,4,4,1,1,0,2,1
Afram,Male,76,1290,2131,2.52,1,2,0,0,2,2,2,1,1,0,0,0
Afram,Female,86,922,2131,2.62,1,6,1,0,2,5,5,0.833333333,1,0.166666667,1,1
Hispanic,Female,97,1414,2131,3.32,1,3,0,0,2,3,3,1,1,0,0,1
Afram,Male,56,919,2131,2.17,1,4,0,0,4,4,4,1,1,0,1,1
White,Male,92,1139,2131,3.94,1,6,1,0,4,5,5,0.833333333,1,0.166666667,3,1
Asian,Male,72,1320,2131,0.59,0,9,1,0,7,8,8,0.888888889,1,0.111111111,3,1
Multi,Female,59,1301,2131,3.13,1,4,0,0,3,4,4,1,1,0,1,1
White,Female,77,1021,2131,3.78,1,2,1,0,1,1,1,0.5,1,0.5,1,0
Multi,Female,92,1002,2131,3.42,1,6,0,0,5,6,6,1,1,0,2,1
White,Male,93,1589,2131,2.34,1,2,0,0,1,2,2,1,1,0,0,0
White,Female,66,1466,2131,1.27,1,5,0,0,5,5,5,1,1,0,1,1
White,Female,82,900,2131,2.27,1,2,0,0,2,2,2,1,1,0,0,0
Afram,Female,70,1150,2131,3.43,1,1,1,0,0,0,0,0,NA,1,0,0
Hispanic,Female,71,1084,2131,3.46,1,1,1,0,0,0,0,0,NA,1,0,0
Asian,Female,90,1327,2131,1.32,1,4,0,0,4,4,4,1,1,0,1,1
Afram,Female,75,1525,2131,1.91,1,5,0,0,2,5,5,1,1,0,2,1
Asian,Female,99,1318,2131,2.46,1,4,0,0,2,4,4,1,1,0,0,1
Asian,Female,75,1385,2131,3.93,1,4,1,0,3,3,3,0.75,1,0.25,3,1
Asian,Male,86,1338,2131,2.95,1,4,1,0,3,3,3,0.75,1,0.25,1,1
Multi,Female,56,950,2131,2.33,1,8,1,0,5,7,7,0.875,1,0.125,0,1
Asian,Male,80,1542,2131,2.33,1,4,0,0,2,4,4,1,1,0,0,1
Hispanic,Male,57,1239,2131,2.23,1,2,0,0,1,2,2,1,1,0,1,0
Multi,Male,71,1352,2131,3.9,1,4,1,0,1,3,3,0.75,1,0.25,0,1
Asian,Male,64,1362,2131,1.19,1,1,0,0,0,1,1,1,1,0,1,0
Afram,Male,73,996,2131,2.42,1,1,0,0,0,1,1,1,1,0,0,0
Hispanic,Female,73,1390,2131,1.66,1,6,1,0,2,5,5,0.833333333,1,0.166666667,0,1
Asian,Male,79,1413,2131,0.85,0,3,0,0,1,3,3,1,1,0,0,1
Hispanic,Female,77,1139,2131,1.2,1,3,0,0,3,3,3,1,1,0,1,1
Asian,Female,60,1298,2131,3.19,1,3,0,0,2,3,3,1,1,0,0,1
Multi,Male,82,1543,2131,0.92,1,2,0,0,2,2,2,1,1,0,0,0
Hispanic,Male,56,1162,2131,2.5,1,8,0,0,6,8,8,1,1,0,3,1
Hispanic,Male,89,1076,2131,0.69,0,7,3,0,4,4,4,0.571428571,1,0.428571429,2,1
Afram,Female,65,1073,2131,1.48,1,5,2,0,2,3,3,0.6,1,0.4,1,1
Afram,Female,89,1600,2131,2.17,1,4,0,0,3,4,4,1,1,0,1,1
White,Male,96,1173,2131,3.06,1,2,0,0,2,2,2,1,1,0,0,0
Afram,Female,63,1372,2131,3.24,1,9,3,0,4,6,6,0.666666667,1,0.333333333,0,1
Afram,Male,86,1008,2131,3.76,1,4,0,0,3,4,4,1,1,0,1,1
Asian,Female,75,1205,2131,0.73,0,1,0,0,1,1,1,1,1,0,0,0
Hispanic,Female,63,1149,2131,1.69,1,6,0,0,3,6,6,1,1,0,2,1
White,Male,85,1223,2131,2.01,1,3,0,0,1,3,3,1,1,0,0,1
Hispanic,Male,70,1140,2131,1.41,1,6,3,0,2,3,3,0.5,1,0.5,0,1
Multi,Male,84,996,2131,1.27,1,9,1,0,2,8,8,0.888888889,1,0.111111111,2,1
Afram,Female,64,1390,2131,3.11,1,4,0,0,3,4,4,1,1,0,0,1
Afram,Male,70,1162,2131,2.73,1,2,0,0,2,2,2,1,1,0,0,0
Hispanic,Male,59,1419,2131,3.52,1,2,0,0,2,2,2,1,1,0,0,0
Hispanic,Male,65,1505,2131,3.28,1,2,0,0,1,2,2,1,1,0,0,0
White,Male,65,1285,2131,1.69,1,1,1,0,0,0,0,0,NA,1,0,0
Asian,Male,63,1095,2131,3.58,1,3,0,0,0,3,3,1,1,0,0,1
Hispanic,Female,55,1071,2131,0.85,0,1,0,0,1,1,1,1,1,0,0,0
Hispanic,Male,76,1096,2131,0.91,1,3,0,0,2,3,3,1,1,0,1,1
Afram,Male,84,934,2131,0.63,0,3,0,0,2,3,3,1,1,0,0,1
White,Male,81,938,2131,2.56,1,2,0,0,1,2,2,1,1,0,0,0
Afram,Male,95,982,2131,1.82,1,2,0,0,2,2,2,1,1,0,1,0
Multi,Male,65,948,2131,1.58,1,2,1,0,1,1,1,0.5,1,0.5,0,0
White,Female,99,1349,2131,0.93,1,4,1,0,2,3,3,0.75,1,0.25,1,1
Multi,Male,55,1186,2131,3.5,1,8,2,0,4,6,6,0.75,1,0.25,1,1
Asian,Female,84,1218,2131,3.33,1,3,0,0,0,3,3,1,1,0,1,1
Afram,Male,56,1471,2131,1.5,1,6,0,0,4,6,6,1,1,0,0,1
Asian,Female,87,1001,2131,2.52,1,1,0,0,1,1,1,1,1,0,0,0
Afram,Male,83,1266,2131,0.57,0,4,0,0,2,4,4,1,1,0,2,1
White,Female,87,1116,2131,0.94,1,4,3,0,1,1,1,0.25,1,0.75,2,0
Afram,Male,78,1270,2131,0.86,0,2,0,0,2,2,2,1,1,0,0,0
White,Female,67,1555,2131,0.58,1,4,0,0,3,4,4,1,1,0,0,1
Afram,Female,70,1230,2131,1.27,1,5,0,0,4,5,5,1,1,0,2,1
White,Male,72,1068,2131,3.94,1,4,0,0,3,4,4,1,1,0,0,1
Hispanic,Female,89,1384,2131,1.89,1,2,0,0,2,2,2,1,1,0,0,0
Hispanic,Male,72,1193,2131,1.99,1,1,1,0,0,0,0,0,NA,1,0,0
White,Female,77,1337,2131,3.33,0,3,1,0,2,2,2,0.666666667,1,0.333333333,1,0
Afram,Male,65,1038,2131,3.2,1,3,0,0,3,3,3,1,1,0,1,1
Asian,Female,76,1266,2131,3.9,1,3,1,0,2,2,2,0.666666667,1,0.333333333,2,0
Asian,Female,72,1108,2131,3.07,1,5,0,0,4,5,5,1,1,0,1,1
Multi,Male,57,1282,2131,3.67,1,9,1,0,4,8,8,0.888888889,1,0.111111111,3,1
Asian,Male,80,1341,2131,2.97,1,3,0,0,3,3,3,1,1,0,0,1
Afram,Female,56,1086,2131,1.3,1,1,0,0,1,1,1,1,1,0,0,0
Multi,Male,90,1600,2131,0.57,0,6,2,0,4,4,4,0.666666667,1,0.333333333,0,1
White,Female,84,1024,2131,2.58,1,1,1,0,0,0,0,0,NA,1,0,0
Hispanic,Male,76,1443,2131,2.86,1,4,1,0,3,3,3,0.75,1,0.25,0,1
Asian,Male,99,1305,2131,3.85,1,2,0,0,1,2,2,1,1,0,0,0
Hispanic,Male,75,1414,2131,3.09,1,4,0,0,4,4,4,1,1,0,1,1
Asian,Male,68,1417,2131,2.95,1,2,0,0,1,2,2,1,1,0,0,0
White,Female,79,1363,2131,3.54,1,2,0,0,2,2,2,1,1,0,0,0
Afram,Female,78,1121,2131,3.73,1,4,2,0,1,2,2,0.5,1,0.5,0,0
Afram,Male,76,1174,2131,3.11,1,2,0,0,2,2,2,1,1,0,0,0
Hispanic,Male,68,1058,2131,2.32,1,4,0,0,1,4,4,1,1,0,0,1
White,Female,78,1433,2131,0.99,1,8,3,0,3,5,5,0.625,1,0.375,2,1
Multi,Female,96,1105,2131,2.27,1,1,1,0,0,0,0,0,NA,1,0,0
Afram,Female,64,918,2131,1.89,1,5,1,0,4,4,4,0.8,1,0.2,0,1
Asian,Female,98,1290,2131,1.82,1,6,0,0,3,6,6,1,1,0,3,1
Afram,Male,82,1422,2131,1.02,1,4,0,0,4,4,4,1,1,0,0,1
Multi,Male,81,1500,2131,0.76,0,4,1,0,1,3,3,0.75,1,0.25,0,1
Multi,Female,59,1256,2131,1.45,1,2,1,0,1,1,1,0.5,1,0.5,1,0
Afram,Female,70,1456,2131,1.94,1,4,0,0,1,4,4,1,1,0,0,1
Asian,Male,73,1205,2131,2.5,1,5,0,0,4,5,5,1,1,0,1,1
Afram,Female,66,1318,2131,1.35,1,3,1,0,2,2,2,0.666666667,1,0.333333333,1,0
Afram,Male,90,1562,2131,1.67,1,2,0,0,2,2,2,1,1,0,0,0
Afram,Female,78,1053,2131,0.76,0,4,1,0,3,3,3,0.75,1,0.25,1,1
Asian,Female,76,1183,2131,3.55,1,1,0,0,0,1,1,1,1,0,0,0
White,Male,72,1400,2131,2.24,1,4,1,0,2,3,3,0.75,1,0.25,3,1
Asian,Female,87,1433,2131,3.36,1,3,1,0,1,2,2,0.666666667,1,0.333333333,1,0
White,Male,88,1073,2131,3.73,1,2,0,0,1,2,2,1,1,0,0,0
Asian,Female,63,1507,2131,0.57,0,5,0,0,1,5,5,1,1,0,2,1
White,Female,68,1080,2131,3.29,0,5,0,0,2,5,5,1,1,0,0,1
Multi,Female,79,1414,2131,0.68,0,4,0,0,0,4,4,1,1,0,1,1
Afram,Male,97,1067,2131,1.29,1,1,0,0,0,1,1,1,1,0,0,0
White,Male,65,1316,2131,3.83,1,6,0,0,3,6,6,1,1,0,0,1
White,Female,74,1150,2131,0.72,1,3,0,0,3,3,3,1,1,0,1,1
Afram,Female,91,1012,2131,1.92,1,3,0,0,1,3,3,1,1,0,0,1
White,Female,80,1354,2131,2.69,1,3,0,0,0,3,3,1,1,0,0,1
Multi,Female,60,1326,2131,0.63,1,3,0,0,1,3,3,1,1,0,0,1
Asian,Female,72,1201,2131,3.44,1,7,1,0,2,6,6,0.857142857,1,0.142857143,1,1
White,Male,91,952,2131,2.27,1,7,1,0,2,6,6,0.857142857,1,0.142857143,3,1
Afram,Male,92,1562,2131,1.59,1,3,0,0,2,3,3,1,1,0,0,1
Multi,Male,70,1420,2131,3.97,1,5,0,0,4,5,5,1,1,0,2,1
Hispanic,Male,94,1367,2131,1.94,1,6,1,0,2,5,5,0.833333333,1,0.166666667,0,1
White,Female,57,1499,2131,2.89,1,2,0,0,2,2,2,1,1,0,0,0
Hispanic,Female,66,1473,2131,2.78,1,4,2,0,0,2,2,0.5,1,0.5,1,0
Asian,Female,99,1117,2131,3.05,1,4,1,0,3,3,3,0.75,1,0.25,1,1
Hispanic,Male,79,1174,2131,3.7,1,1,0,0,0,1,1,1,1,0,0,0
Afram,Female,55,1376,2131,2.45,1,3,0,0,3,3,3,1,1,0,0,1
Afram,Male,95,1236,2131,3.91,1,4,0,0,2,4,4,1,1,0,2,1
Multi,Male,86,1238,2131,2.53,1,3,0,0,3,3,3,1,1,0,0,1
Multi,Male,72,1404,2131,1.9,1,7,2,0,3,5,5,0.714285714,1,0.285714286,1,1
White,Male,55,1549,2131,3.57,1,5,1,0,4,4,4,0.8,1,0.2,2,1
Hispanic,Female,84,1099,2131,2.74,1,3,0,0,3,3,3,1,1,0,0,1
Afram,Female,97,1086,2131,2.58,1,3,2,0,1,1,1,0.333333333,1,0.666666667,0,0
Multi,Male,85,1261,2131,1.6,1,4,1,0,2,3,3,0.75,1,0.25,2,1
Multi,Female,64,1079,2131,1.01,1,4,0,0,2,4,4,1,1,0,1,1
White,Female,61,1004,2131,1.15,1,2,0,0,2,2,2,1,1,0,0,0
White,Male,91,1455,2131,3.28,1,1,0,0,1,1,1,1,1,0,1,0
Asian,Female,56,1168,2131,0.61,0,2,0,0,2,2,2,1,1,0,1,0
Multi,Male,85,1391,2131,3.95,1,3,1,0,0,2,2,0.666666667,1,0.333333333,0,0
Hispanic,Female,70,1504,2131,3.38,1,2,0,0,2,2,2,1,1,0,1,0
Asian,Female,81,1543,2131,2.25,1,5,0,0,3,5,5,1,1,0,0,1
Afram,Female,70,1337,2131,2.45,1,5,1,0,2,4,4,0.8,1,0.2,0,1
Multi,Female,87,1180,2131,3.91,1,2,0,0,0,2,2,1,1,0,1,0
Asian,Male,55,1040,2131,3.97,1,4,2,0,1,2,2,0.5,1,0.5,1,0
Afram,Male,87,1207,2131,2.06,1,2,0,0,0,2,2,1,1,0,1,0
Asian,Male,77,1173,2131,1.82,1,3,0,0,2,3,3,1,1,0,2,1
White,Male,78,1379,2131,2.55,1,2,0,0,2,2,2,1,1,0,1,0
White,Female,72,1450,2131,1.89,1,2,1,0,1,1,1,0.5,1,0.5,0,0
Hispanic,Female,90,914,2131,3.79,1,6,0,0,4,6,6,1,1,0,1,1
Multi,Male,78,1016,2131,1.03,1,1,1,0,0,0,0,0,NA,1,0,0
White,Female,61,1358,2131,2.54,1,6,1,0,4,5,5,0.833333333,1,0.166666667,0,1
Hispanic,Female,64,1295,2131,2.98,1,4,2,0,0,2,2,0.5,1,0.5,1,0
Afram,Female,70,1182,2131,2.47,1,3,0,0,2,3,3,1,1,0,1,1
Afram,Female,65,1308,2131,3.29,0,3,0,0,2,3,3,1,1,0,1,1
Hispanic,Male,71,1127,2131,2.32,1,8,1,0,1,7,7,0.875,1,0.125,2,1
White,Female,60,1009,2131,1.66,1,4,0,0,1,4,4,1,1,0,1,1
Asian,Male,99,1068,2131,2.56,1,2,0,0,2,2,2,1,1,0,2,0
White,Male,94,1215,2131,1.25,1,5,1,0,2,4,4,0.8,1,0.2,1,1
Asian,Female,81,1498,2131,2.21,1,4,1,0,1,3,3,0.75,1,0.25,0,1
Asian,Female,71,1524,2131,2.81,1,4,0,0,2,4,4,1,1,0,1,1
White,Male,84,1344,2131,0.79,0,6,1,0,3,5,5,0.833333333,1,0.166666667,1,1
Afram,Female,70,1126,2131,3.54,1,1,1,0,0,0,0,0,NA,1,0,0
Hispanic,Female,60,1316,2131,1.52,1,7,2,0,4,5,5,0.714285714,1,0.285714286,0,1
Afram,Female,80,1005,2131,0.87,0,4,1,0,3,3,3,0.75,1,0.25,0,1
White,Male,73,1152,2131,3.63,1,4,1,0,1,3,3,0.75,1,0.25,1,1
Asian,Male,90,938,2131,3.69,1,6,0,0,3,6,6,1,1,0,1,1
White,Female,65,1152,2131,1.84,1,3,0,0,2,3,3,1,1,0,0,1
Asian,Male,73,1107,2131,2.86,1,3,1,0,2,2,2,0.666666667,1,0.333333333,0,0
White,Female,59,1179,2131,1.55,1,4,1,0,2,3,3,0.75,1,0.25,1,1
Asian,Female,74,1557,2131,3.17,1,2,0,0,1,2,2,1,1,0,1,0
White,Female,95,1176,2131,3.45,1,5,1,0,1,4,4,0.8,1,0.2,0,1
White,Female,56,1443,2131,1.4,1,2,0,0,0,2,2,1,1,0,0,0
Hispanic,Female,71,1017,2131,1.38,1,4,0,0,1,4,4,1,1,0,0,1
Hispanic,Male,91,1158,2131,3.84,1,2,0,0,2,2,2,1,1,0,1,0
Multi,Male,88,1003,2131,2.18,1,5,1,0,4,4,4,0.8,1,0.2,1,1
White,Female,91,1198,2131,2.84,1,5,1,0,4,4,4,0.8,1,0.2,2,1
Hispanic,Male,65,945,2131,2.98,1,6,1,0,1,5,5,0.833333333,1,0.166666667,2,1
Afram,Male,88,1214,2131,2.98,1,2,1,0,0,1,1,0.5,1,0.5,0,0
Multi,Female,55,1013,2131,0.56,0,3,0,0,2,3,3,1,1,0,1,1
Asian,Male,66,1025,2131,0.95,1,2,1,0,1,1,1,0.5,1,0.5,0,0
Asian,Female,63,1515,2131,3.74,1,4,1,0,2,3,3,0.75,1,0.25,2,1
Multi,Male,59,993,2131,1.88,1,6,0,0,4,6,6,1,1,0,2,1
Hispanic,Male,64,934,2131,1.6,1,7,0,0,6,7,7,1,1,0,3,1
Hispanic,Male,89,1008,2131,2.35,1,4,0,0,4,4,4,1,1,0,1,1
Hispanic,Male,88,983,2131,1.84,1,3,0,0,3,3,3,1,1,0,0,1
Afram,Female,72,1542,2131,2.88,1,2,0,0,2,2,2,1,1,0,0,0
Hispanic,Female,82,1345,2131,3.51,1,3,0,0,3,3,3,1,1,0,1,1
Multi,Female,57,1058,2131,0.77,0,5,1,0,2,4,4,0.8,1,0.2,1,1
White,Male,74,1442,2131,1.32,1,1,1,0,0,0,0,0,NA,1,1,0
White,Male,61,1492,2131,3.69,1,5,0,0,3,5,5,1,1,0,0,1
Hispanic,Male,62,1243,2131,3.22,1,3,1,0,1,2,2,0.666666667,1,0.333333333,0,0
Afram,Female,68,1585,2131,3.18,1,5,0,0,5,5,5,1,1,0,2,1
White,Female,94,1206,2131,3.39,1,2,0,0,1,2,2,1,1,0,0,0
Afram,Female,68,1507,2131,1.95,1,4,1,0,1,3,3,0.75,1,0.25,0,1
Hispanic,Female,73,1464,2131,1.75,1,4,2,0,1,2,2,0.5,1,0.5,0,0
Afram,Male,100,1408,2131,2.45,1,5,1,0,2,4,4,0.8,1,0.2,1,1
Afram,Female,70,1029,2131,1.17,1,3,0,0,1,3,3,1,1,0,0,1
White,Male,81,1141,2131,3.81,1,3,1,0,1,2,2,0.666666667,1,0.333333333,1,0
Asian,Female,74,1115,2131,1.31,1,1,0,0,1,1,1,1,1,0,0,0
Afram,Male,77,1493,2131,1.42,1,3,0,0,2,3,3,1,1,0,2,1
Multi,Female,76,1560,2131,2.05,1,5,1,0,3,4,4,0.8,1,0.2,1,1
Multi,Male,85,1240,2131,2.05,1,9,1,0,3,8,8,0.888888889,1,0.111111111,3,1
Asian,Male,62,1057,2131,0.56,0,4,1,0,0,3,3,0.75,1,0.25,0,1
Asian,Female,63,1567,2131,1.02,1,3,1,0,2,2,2,0.666666667,1,0.333333333,0,0
Asian,Female,78,1489,2131,2.89,1,8,1,0,2,7,7,0.875,1,0.125,1,1
White,Male,82,1367,2131,3.57,1,4,2,0,2,2,2,0.5,1,0.5,1,0
Afram,Male,82,1229,2131,2.21,1,4,2,0,0,2,2,0.5,1,0.5,0,0
Asian,Male,73,1299,2131,3.62,1,3,1,0,1,2,2,0.666666667,1,0.333333333,2,0
White,Male,87,1232,2131,0.96,0,3,1,0,0,2,2,0.666666667,1,0.333333333,0,0
Multi,Male,55,1356,2131,3.09,1,1,0,0,0,1,1,1,1,0,0,0
Hispanic,Male,96,1468,2131,3.71,1,5,1,0,2,4,4,0.8,1,0.2,1,1
Hispanic,Male,57,1378,2131,0.66,0,3,1,0,1,2,2,0.666666667,1,0.333333333,0,0
White,Female,73,1314,2131,2.02,1,2,0,0,1,2,2,1,1,0,1,0
Hispanic,Male,59,1475,2131,2.82,1,1,0,0,1,1,1,1,1,0,0,0
Afram,Male,72,971,2131,1.81,1,5,3,0,1,2,2,0.4,1,0.6,0,0
Asian,Female,60,1450,2131,3.45,1,3,0,0,2,3,3,1,1,0,0,1
White,Male,74,1081,2131,3.77,1,3,0,0,2,3,3,1,1,0,2,1
Hispanic,Male,90,1004,2131,3.84,1,2,0,1,0,1,2,0.5,0.5,0,0,0
Hispanic,Male,94,1299,2131,3.89,1,2,0,0,1,2,2,1,1,0,0,0
Afram,Female,57,1555,2131,3.27,1,5,0,0,2,5,5,1,1,0,1,1
Multi,Female,87,1468,2131,2.94,1,2,0,0,1,2,2,1,1,0,0,0
Multi,Male,68,1035,2131,2.07,1,5,0,0,3,5,5,1,1,0,0,1
Asian,Female,87,1030,2131,2.56,1,2,0,0,2,2,2,1,1,0,0,0
Asian,Male,74,1267,2131,3.1,1,3,0,0,3,3,3,1,1,0,2,1
Multi,Female,71,914,2131,2.18,1,5,0,0,4,5,5,1,1,0,2,1
Afram,Male,70,1599,2131,3.43,1,4,0,0,2,4,4,1,1,0,2,1
Afram,Male,85,1253,2131,2.4,1,2,0,0,1,2,2,1,1,0,1,0
Multi,Male,60,928,2131,3.78,1,2,1,0,0,1,1,0.5,1,0.5,1,0
White,Female,78,1421,2131,3.07,1,2,1,0,0,1,1,0.5,1,0.5,0,0
Asian,Female,71,1016,2131,0.97,1,2,0,0,1,2,2,1,1,0,0,0
Multi,Male,78,1597,2131,3.96,1,6,0,0,1,6,6,1,1,0,1,1
White,Male,69,1217,2131,2.41,1,3,0,0,1,3,3,1,1,0,0,1
White,Female,56,1574,2131,2.11,1,3,0,0,1,3,3,1,1,0,2,1
Multi,Male,80,1035,2131,3.28,0,3,1,0,2,2,2,0.666666667,1,0.333333333,1,0
Afram,Female,95,1172,2131,2.47,1,4,1,0,2,3,3,0.75,1,0.25,0,1
Afram,Female,67,1254,2131,0.66,0,4,1,0,3,3,3,0.75,1,0.25,0,1
Asian,Male,79,1413,2131,2.44,1,3,1,0,1,2,2,0.666666667,1,0.333333333,1,0
Hispanic,Male,82,1172,2131,3.39,1,4,0,0,1,4,4,1,1,0,4,1
Hispanic,Male,77,920,2131,1.68,1,1,1,0,0,0,0,0,NA,1,0,0
Afram,Female,75,1265,2131,1.54,0,6,0,0,4,6,6,1,1,0,1,1
Asian,Male,88,1005,2131,3.62,1,2,0,0,0,2,2,1,1,0,0,0
Hispanic,Female,73,1249,2131,2.44,1,2,0,0,1,2,2,1,1,0,0,0
Multi,Male,63,1335,2131,1.55,0,4,1,0,1,3,3,0.75,1,0.25,0,1
Asian,Male,62,1538,2131,1.04,0,4,0,0,3,4,4,1,1,0,0,1
Multi,Male,68,1046,2131,0.6,0,1,0,0,1,1,1,1,1,0,0,0
White,Female,96,1047,2131,2.99,1,3,0,0,2,3,3,1,1,0,1,1
Afram,Male,73,1085,2131,1.06,1,3,2,0,1,1,1,0.333333333,1,0.666666667,2,0
Asian,Male,57,1522,2131,2.98,1,3,0,0,1,3,3,1,1,0,1,1
Asian,Male,60,1060,2131,1.75,0,1,0,0,1,1,1,1,1,0,0,0
Asian,Male,82,1056,2131,0.78,0,3,0,0,1,3,3,1,1,0,1,1
White,Female,65,1228,2131,1.16,1,2,0,0,2,2,2,1,1,0,0,0
Multi,Female,82,1258,2131,3.76,1,2,0,0,2,2,2,1,1,0,0,0
Multi,Female,67,1179,2131,2.93,1,4,0,0,2,4,4,1,1,0,0,1
Asian,Female,77,1503,2131,1.99,0,3,0,0,2,3,3,1,1,0,0,1
White,Female,60,1008,2131,1.19,0,3,0,0,2,3,3,1,1,0,1,1
Hispanic,Male,76,1362,2131,1.97,0,1,1,0,0,0,0,0,NA,1,0,0
Asian,Male,60,908,2131,2.68,1,4,2,0,1,2,2,0.5,1,0.5,1,0
Multi,Male,78,1126,2131,0.58,0,2,0,0,1,2,2,1,1,0,0,0
White,Male,65,1119,2131,0.79,0,2,0,0,1,2,2,1,1,0,1,0
Asian,Female,61,1177,2131,2.38,1,5,1,0,1,4,4,0.8,1,0.2,0,1
Afram,Female,78,1107,2131,2.75,1,1,0,0,0,1,1,1,1,0,1,0
Afram,Male,59,931,2131,3.81,1,1,0,0,1,1,1,1,1,0,0,0
Hispanic,Male,100,951,2131,2.06,1,5,0,0,4,5,5,1,1,0,0,1
Asian,Male,58,1454,2131,1.89,1,4,1,0,1,3,3,0.75,1,0.25,0,1
Afram,Male,61,1600,2131,2.68,1,4,0,0,2,4,4,1,1,0,0,1
Hispanic,Female,70,1570,2131,0.82,0,3,0,0,1,3,3,1,1,0,0,1
Multi,Male,68,1380,2131,3.14,1,3,0,0,3,3,3,1,1,0,1,1
Multi,Male,95,1578,2131,3.58,1,4,2,0,1,2,2,0.5,1,0.5,1,0
Hispanic,Female,70,1250,2131,2.08,1,4,0,0,1,4,4,1,1,0,0,1
Asian,Male,80,1585,2131,1.57,1,3,0,0,1,3,3,1,1,0,0,1
Afram,Male,80,1023,2131,2.98,1,4,1,0,1,3,3,0.75,1,0.25,0,1
Afram,Female,65,1285,2131,0.81,0,8,1,0,6,7,7,0.875,1,0.125,2,1
White,Male,88,1532,2131,0.54,0,4,2,0,2,2,2,0.5,1,0.5,0,0
White,Male,83,1001,2131,1.18,0,5,1,0,1,4,4,0.8,1,0.2,0,1
Multi,Male,59,1071,2131,2.57,1,4,0,0,2,4,4,1,1,0,0,1
White,Male,81,1088,2131,1.68,0,4,0,0,1,4,4,1,1,0,1,1
Multi,Female,60,1061,2131,0.56,0,2,0,0,1,2,2,1,1,0,0,0
Multi,Female,95,1336,2131,2.35,1,5,1,0,2,4,4,0.8,1,0.2,0,1
Multi,Female,86,1389,2131,0.71,0,2,0,0,2,2,2,1,1,0,1,0
Asian,Male,67,1069,2131,0.69,0,3,2,0,1,1,1,0.333333333,1,0.666666667,0,0
Hispanic,Male,88,1195,2131,3.62,1,5,0,0,2,5,5,1,1,0,1,1
White,Male,59,1188,2131,2.83,1,3,0,0,0,3,3,1,1,0,0,1
Afram,Male,79,1534,2131,3.86,1,4,1,0,0,3,3,0.75,1,0.25,1,1
Multi,Female,96,1316,2131,2.55,1,4,0,0,1,4,4,1,1,0,1,1
Multi,Female,76,1009,2131,0.75,0,7,2,0,2,5,5,0.714285714,1,0.285714286,0,1
Multi,Female,83,1335,2131,1.76,1,2,0,0,2,2,2,1,1,0,1,0
Afram,Female,78,1408,2131,3.85,1,4,0,0,3,4,4,1,1,0,2,1
Multi,Male,99,1261,2131,3.6,1,3,1,0,1,2,2,0.666666667,1,0.333333333,1,0
Afram,Female,69,989,2131,1.31,0,2,0,0,0,2,2,1,1,0,0,0
White,Female,99,1231,2131,0.69,1,2,1,0,0,1,1,0.5,1,0.5,0,0
Multi,Female,98,1365,2131,2.36,1,7,2,0,2,5,5,0.714285714,1,0.285714286,1,1
Asian,Female,96,966,2131,3.14,1,2,0,0,1,2,2,1,1,0,0,0
Afram,Male,77,1435,2131,2.63,1,3,0,0,1,3,3,1,1,0,2,1
Hispanic,Female,61,1088,2131,1.49,1,7,2,0,2,5,5,0.714285714,1,0.285714286,2,1
Multi,Female,74,1432,2131,1.15,1,6,1,0,4,5,5,0.833333333,1,0.166666667,4,1
White,Female,84,1457,2131,0.86,0,2,0,0,1,2,2,1,1,0,0,0
White,Male,58,1432,2131,3.93,1,3,0,0,2,3,3,1,1,0,1,1
Hispanic,Female,61,1049,2131,3.82,1,1,0,0,1,1,1,1,1,0,0,0
Asian,Male,59,1266,2131,1.34,0,5,1,0,3,4,4,0.8,1,0.2,1,1
Afram,Female,62,1261,2131,1.78,0,3,0,0,2,3,3,1,1,0,2,1
Afram,Male,55,1573,2131,0.64,0,3,0,0,2,3,3,1,1,0,0,1
Multi,Male,100,1053,2131,3.87,1,3,0,0,2,3,3,1,1,0,0,1
Asian,Male,62,970,2131,2.43,1,2,1,0,1,1,1,0.5,1,0.5,0,0
Multi,Female,77,1521,2131,3.67,1,1,0,0,1,1,1,1,1,0,0,0
Multi,Male,52,1273,2131,1.07,0,3,1,0,2,2,2,0.666666667,1,0.333333333,0,0
Multi,Male,84,1352,2131,1.3,1,6,1,0,4,5,5,0.833333333,1,0.166666667,1,1
Afram,Female,72,1242,2131,0.64,0,3,0,0,1,3,3,1,1,0,0,1
White,Male,63,953,2131,0.54,0,2,0,0,2,2,2,1,1,0,1,0
Afram,Female,62,1501,2131,3.64,1,4,0,0,3,4,4,1,1,0,1,1
Asian,Male,74,996,2131,1.05,1,4,0,0,2,4,4,1,1,0,1,1
Multi,Male,72,974,2131,3.13,1,5,1,0,3,4,4,0.8,1,0.2,0,1
Asian,Male,70,1155,2131,1.79,1,5,2,0,1,3,3,0.6,1,0.4,0,1
Afram,Female,69,1391,2131,3.25,1,2,0,0,0,2,2,1,1,0,1,0
Asian,Female,55,1048,2131,2.29,1,3,0,0,1,3,3,1,1,0,0,1
Asian,Male,59,1021,2131,2.56,1,2,0,0,1,2,2,1,1,0,0,0
Hispanic,Female,70,963,2131,3.56,1,2,0,0,2,2,2,1,1,0,0,0
White,Male,66,1219,2131,3.39,1,4,0,0,3,4,4,1,1,0,0,1
Hispanic,Male,86,1500,2131,3.2,0,1,0,0,1,1,1,1,1,0,0,0
Asian,Female,97,1313,2131,2.26,1,3,1,0,1,2,2,0.666666667,1,0.333333333,0,0
Asian,Female,72,958,2131,2.4,1,4,0,0,2,4,4,1,1,0,0,1
White,Male,73,1234,2131,3.08,1,2,0,0,2,2,2,1,1,0,0,0
Asian,Female,89,1527,2131,1.82,0,4,2,0,0,2,2,0.5,1,0.5,0,0
Hispanic,Male,74,999,2131,1.68,1,3,1,0,1,2,2,0.666666667,1,0.333333333,0,0
White,Female,73,1100,2131,1.91,1,6,3,0,2,3,3,0.5,1,0.5,3,1
Afram,Female,88,1486,2131,2.2,1,4,1,0,0,3,3,0.75,1,0.25,0,1
Hispanic,Female,85,1191,2131,1.94,0,5,1,0,1,4,4,0.8,1,0.2,1,1
Afram,Male,95,1358,2131,3.88,1,5,1,0,4,4,4,0.8,1,0.2,0,1
Afram,Male,81,1052,2131,3.99,1,6,1,0,2,5,5,0.833333333,1,0.166666667,1,1
Multi,Female,98,1134,2131,2.99,1,4,1,0,3,3,3,0.75,1,0.25,2,1
White,Male,69,1311,2131,2.2,1,2,0,0,0,2,2,1,1,0,0,0
Hispanic,Male,84,1137,2131,1.32,0,4,2,0,0,2,2,0.5,1,0.5,0,0
Asian,Male,94,1255,2131,3.78,1,3,1,0,1,2,2,0.666666667,1,0.333333333,1,0
Multi,Male,72,1340,2131,3.06,1,4,2,0,1,2,2,0.5,1,0.5,1,0
White,Female,100,908,2131,1.37,1,5,1,0,1,4,4,0.8,1,0.2,1,1
White,Female,77,1456,2131,3.4,1,2,0,0,1,2,2,1,1,0,0,0
Asian,Female,78,1002,2131,1.86,1,4,1,0,2,3,3,0.75,1,0.25,0,1
Multi,Male,100,1566,2131,2.85,1,4,0,0,2,4,4,1,1,0,0,1
White,Female,94,1199,2131,1.48,1,6,1,0,2,5,5,0.833333333,1,0.166666667,2,1
Hispanic,Male,78,1162,2131,2.37,1,6,1,0,4,5,5,0.833333333,1,0.166666667,0,1
Afram,Female,76,1330,2131,2.22,1,4,0,0,2,4,4,1,1,0,1,1
Hispanic,Male,80,1038,2131,2.35,1,3,0,0,1,3,3,1,1,0,1,1
Hispanic,Male,74,1131,2131,1.84,1,4,0,0,2,4,4,1,1,0,1,1
Hispanic,Female,83,1389,2131,1.74,0,4,0,0,1,4,4,1,1,0,0,1
Asian,Male,96,1098,2131,2.98,1,7,1,0,4,6,6,0.857142857,1,0.142857143,2,1
Multi,Male,80,1319,2131,2.53,1,5,0,0,3,5,5,1,1,0,0,1
Asian,Female,93,1131,2131,2.74,1,5,2,0,1,3,3,0.6,1,0.4,2,1
Multi,Male,77,1030,2131,1.32,0,3,1,0,1,2,2,0.666666667,1,0.333333333,2,0
Afram,Male,66,1253,2131,0.65,0,3,0,2,0,1,3,0.333333333,0.333333333,0,0,1
Hispanic,Female,80,1330,2131,1.72,1,2,0,0,0,2,2,1,1,0,0,0
White,Female,90,1205,2131,0.85,0,2,0,2,0,0,2,0,0,0,0,0
White,Female,73,1532,2131,3.46,1,3,0,2,1,1,3,0.333333333,0.333333333,0,1,1
White,Male,59,1399,2131,2.63,1,3,0,1,1,2,3,0.666666667,0.666666667,0,2,1
White,Male,61,1186,2131,3.49,1,3,0,1,1,2,3,0.666666667,0.666666667,0,0,1
Hispanic,Male,74,1232,2131,1.52,1,2,0,2,0,0,2,0,0,0,0,0
Multi,Female,62,1461,2131,3.35,1,2,0,0,0,2,2,1,1,0,1,0
Asian,Female,68,1600,2131,3.08,1,4,3,1,0,0,1,0,0,0.75,1,0
Hispanic,Male,98,1326,2131,2.38,1,3,0,0,1,3,3,1,1,0,1,1
Asian,Female,77,1036,2131,1.61,0,3,1,0,0,2,2,0.666666667,1,0.333333333,0,0
White,Male,63,1122,2131,1.98,0,2,0,1,0,1,2,0.5,0.5,0,0,0
Hispanic,Male,83,1511,2131,2.63,1,5,0,0,3,5,5,1,1,0,0,1
Asian,Female,94,1151,2131,3.74,1,6,2,2,0,2,4,0.333333333,0.5,0.333333333,2,1
Afram,Male,94,1382,2131,3.22,1,3,0,1,1,2,3,0.666666667,0.666666667,0,2,1
Multi,Male,89,999,2131,0.67,0,3,0,0,1,3,3,1,1,0,1,1
Multi,Female,80,1421,2131,3.67,1,3,0,3,0,0,3,0,0,0,1,1
Multi,Female,75,1450,2131,2.28,1,5,2,2,1,1,3,0.2,0.333333333,0.4,1,1
Afram,Female,78,1487,2131,1.23,1,2,0,1,0,1,2,0.5,0.5,0,0,0
Asian,Male,75,1450,2131,1.98,1,6,1,2,1,3,5,0.5,0.6,0.166666667,1,1
Afram,Female,60,1199,2131,3.79,1,4,2,1,0,1,2,0.25,0.5,0.5,1,0
Multi,Female,83,962,2131,0.66,0,3,0,1,1,2,3,0.666666667,0.666666667,0,0,1
Multi,Female,55,959,2131,2.25,1,1,0,0,1,1,1,1,1,0,0,0
White,Male,82,1183,2131,1.35,1,2,0,0,2,2,2,1,1,0,0,0
White,Male,96,1179,2131,1.95,1,5,0,0,2,5,5,1,1,0,0,1
Asian,Male,57,1212,2131,2.06,1,4,0,2,0,2,4,0.5,0.5,0,0,1
White,Female,84,1114,2131,3.71,1,3,1,2,0,0,2,0,0,0.333333333,2,0
Hispanic,Female,67,1445,2131,3.39,1,5,0,3,0,2,5,0.4,0.4,0,1,1
White,Female,81,1245,2131,1.9,1,4,1,3,0,0,3,0,0,0.25,0,1
Hispanic,Male,64,1414,2131,1.38,1,3,1,1,0,1,2,0.333333333,0.5,0.333333333,0,0
Multi,Male,79,1239,2131,0.63,1,4,0,1,0,3,4,0.75,0.75,0,2,1
Afram,Female,65,1452,2131,1.85,1,2,0,1,0,1,2,0.5,0.5,0,0,0
White,Male,73,1039,2131,3.94,1,5,0,0,1,5,5,1,1,0,2,1
Multi,Female,73,1043,2131,1.9,1,3,0,0,1,3,3,1,1,0,0,1
Afram,Male,69,1092,2131,1.76,1,3,0,0,2,3,3,1,1,0,0,1
White,Male,68,1439,2131,2.74,1,5,0,0,1,5,5,1,1,0,3,1
White,Female,78,1506,2131,1.99,1,4,0,0,0,4,4,1,1,0,2,1
Multi,Male,73,964,2131,1.89,1,4,0,0,0,4,4,1,1,0,1,1
Afram,Female,76,1571,2131,2.9,1,7,0,0,1,7,7,1,1,0,1,1
Hispanic,Female,62,1141,2131,3.01,1,5,0,0,2,5,5,1,1,0,1,1
Afram,Male,55,1520,2131,1.18,1,3,0,0,0,3,3,1,1,0,0,1
Hispanic,Female,86,925,2131,1.57,1,4,0,0,1,4,4,1,1,0,1,1
White,Male,69,1574,2131,1.69,1,3,0,0,1,3,3,1,1,0,2,1
White,Male,87,1412,2131,3.64,1,1,0,0,1,1,1,1,1,0,0,0
Afram,Female,58,970,2131,1.04,1,4,0,0,0,4,4,1,1,0,2,1
Multi,Male,86,1118,2131,1.29,1,3,0,0,2,3,3,1,1,0,0,1
White,Female,64,1500,2131,1.82,1,2,0,0,0,2,2,1,1,0,0,0
Asian,Male,78,1048,2131,1.49,1,3,0,0,2,3,3,1,1,0,1,1
Afram,Female,61,1393,2131,1.95,1,6,0,0,1,6,6,1,1,0,1,1
Afram,Male,94,1037,2131,2.81,1,5,0,0,2,5,5,1,1,0,0,1
Afram,Female,99,980,2131,2.3,1,5,0,0,1,5,5,1,1,0,0,1
White,Female,61,1246,2131,3.06,1,1,0,0,0,1,1,1,1,0,1,0
White,Female,74,1199,2131,1.34,1,3,0,0,2,3,3,1,1,0,0,1
Multi,Female,92,1065,2131,3.8,1,3,0,0,0,3,3,1,1,0,0,1
Multi,Male,93,942,2131,3.63,1,3,0,0,1,3,3,1,1,0,1,1
Afram,Male,89,1037,2131,3.56,1,2,0,0,1,2,2,1,1,0,0,0
White,Female,83,1564,2131,1.22,1,4,0,0,3,4,4,1,1,0,0,1
Afram,Male,84,1489,2131,2.86,1,6,0,0,1,6,6,1,1,0,0,1
White,Female,85,1376,2131,2.48,1,2,0,0,0,2,2,1,1,0,0,0
White,Male,57,1220,2131,2.54,1,3,0,0,2,3,3,1,1,0,1,1
White,Male,77,914,2131,3.48,1,3,0,0,0,3,3,1,1,0,0,1
Afram,Female,70,1562,2131,3.84,1,4,0,0,0,4,4,1,1,0,1,1
Multi,Female,73,1511,2131,0.89,1,3,0,0,0,3,3,1,1,0,0,1
White,Male,100,1148,2131,2.71,1,3,0,0,1,3,3,1,1,0,1,1
Hispanic,Female,96,1152,2131,1.38,1,2,0,0,0,2,2,1,1,0,0,0
Afram,Male,100,1433,2131,3.19,1,6,0,0,0,6,6,1,1,0,1,1
White,Female,65,1139,2131,1.25,1,6,0,0,0,6,6,1,1,0,0,1
Afram,Female,82,1052,2131,1.08,1,4,1,0,3,3,3,0.75,1,0.25,2,1
Hispanic,Male,57,1433,2131,3.29,1,1,0,0,0,1,1,1,1,0,0,0
White,Female,68,1595,2131,3.01,1,4,0,0,0,4,4,1,1,0,0,1
Multi,Male,91,1078,2131,2.33,1,6,0,0,0,6,6,1,1,0,0,1
White,Male,82,1521,2131,0.76,0,4,0,0,0,4,4,1,1,0,0,1
Hispanic,Female,56,1012,2131,3.78,1,6,0,0,1,6,6,1,1,0,2,1
White,Female,85,1204,2131,1.16,1,3,0,0,1,3,3,1,1,0,1,1
Afram,Male,84,1300,2131,0.76,0,3,0,0,0,3,3,1,1,0,1,1
Asian,Male,57,1443,2131,1.9,1,2,0,0,0,2,2,1,1,0,0,0
Asian,Female,71,1407,2131,0.64,0,4,0,0,3,4,4,1,1,0,0,1
White,Male,66,1092,2131,3.71,1,2,0,0,0,2,2,1,1,0,1,0
Asian,Male,92,1406,2131,3.65,1,3,0,0,3,3,3,1,1,0,1,1
Afram,Female,60,1394,2131,2.02,1,6,0,0,0,6,6,1,1,0,1,1
Multi,Male,76,1055,2131,1.71,1,5,0,0,0,5,5,1,1,0,0,1
White,Male,68,1199,2131,3.46,1,2,0,0,1,2,2,1,1,0,2,0
Hispanic,Female,72,1518,2131,1.48,1,5,0,0,0,5,5,1,1,0,0,1
Hispanic,Female,100,1220,2131,1.93,1,2,0,0,0,2,2,1,1,0,0,0
Afram,Male,72,1186,2131,2.34,1,5,0,0,2,5,5,1,1,0,0,1
White,Female,84,1538,2131,3.52,1,3,0,0,2,3,3,1,1,0,0,1
Hispanic,Female,98,1444,2131,2.09,1,2,0,0,0,2,2,1,1,0,0,0
White,Male,55,1237,2131,2.28,1,4,0,0,0,4,4,1,1,0,0,1
Afram,Male,82,1133,2131,1.13,1,3,0,0,0,3,3,1,1,0,0,1
Afram,Male,63,1480,2131,0.55,0,5,2,2,0,1,3,0.2,0.333333333,0.4,0,1
Asian,Male,90,1583,2131,2.12,1,5,0,0,2,5,5,1,1,0,0,1
Hispanic,Female,83,998,2131,1.03,1,1,0,0,0,1,1,1,1,0,1,0
Asian,Male,56,1073,2131,3.71,1,3,0,0,0,3,3,1,1,0,1,1
White,Male,67,1536,2131,4,1,5,0,0,0,5,5,1,1,0,1,1
Hispanic,Male,68,1495,2131,2.47,1,2,0,0,0,2,2,1,1,0,0,0
Afram,Male,95,1427,2131,3.65,1,4,0,0,0,4,4,1,1,0,0,1
Asian,Male,72,1156,2131,3.28,1,2,0,0,0,2,2,1,1,0,0,0
Hispanic,Female,90,944,2131,1.75,1,7,0,0,1,7,7,1,1,0,0,1
Multi,Female,87,1212,2131,3.12,1,2,0,0,0,2,2,1,1,0,0,0
Afram,Male,88,1202,2131,2.93,1,5,0,0,2,5,5,1,1,0,1,1
Hispanic,Male,79,1285,2131,1.79,1,7,0,0,2,7,7,1,1,0,0,1
Multi,Female,77,1199,2131,1.02,1,6,0,0,0,6,6,1,1,0,1,1
White,Female,59,1079,2131,0.72,1,1,0,0,0,1,1,1,1,0,0,0
Multi,Male,85,969,2131,0.72,0,4,0,0,1,4,4,1,1,0,0,1
Asian,Male,71,1207,2131,2.33,1,2,0,0,1,2,2,1,1,0,0,0
White,Female,69,1120,2131,0.72,1,4,0,0,0,4,4,1,1,0,1,1
White,Male,56,914,2131,2.25,1,5,0,0,0,5,5,1,1,0,3,1
White,Male,94,1429,2131,1.04,1,4,0,0,1,4,4,1,1,0,1,1
Hispanic,Female,71,1059,2131,2.61,1,3,0,0,2,3,3,1,1,0,1,1
Hispanic,Male,84,1295,2131,3.88,1,5,0,0,0,5,5,1,1,0,1,1
Hispanic,Female,94,1408,2131,3.72,1,1,0,0,0,1,1,1,1,0,0,0
Hispanic,Female,89,972,2131,0.81,0,4,0,0,0,4,4,1,1,0,0,1
Asian,Male,100,933,2131,2.66,1,2,0,0,0,2,2,1,1,0,0,0
White,Female,86,1363,2131,2.34,1,5,0,0,2,5,5,1,1,0,0,1
Afram,Male,60,1236,2131,1.88,1,4,0,0,0,4,4,1,1,0,0,1
White,Female,78,1424,2131,3.17,1,5,0,0,1,5,5,1,1,0,2,1
Hispanic,Female,62,915,2131,1.85,1,7,0,0,0,7,7,1,1,0,3,1
White,Female,96,929,2131,2.44,1,4,0,0,0,4,4,1,1,0,1,1
Afram,Female,55,1093,2131,0.62,0,2,0,0,0,2,2,1,1,0,0,0
White,Female,67,1062,2131,3.96,1,4,0,0,0,4,4,1,1,0,1,1
Asian,Male,62,1150,2131,2.97,1,4,0,0,0,4,4,1,1,0,1,1
Multi,Male,68,1360,2131,3.27,1,7,1,0,2,6,6,0.857142857,1,0.142857143,3,1
Multi,Male,77,962,2131,2.66,1,4,0,0,0,4,4,1,1,0,0,1
Afram,Male,71,1085,2131,1.15,1,6,0,0,0,6,6,1,1,0,1,1
Multi,Male,89,1455,2131,1.85,1,5,0,0,0,5,5,1,1,0,0,1
Asian,Female,71,1037,2131,1.51,1,2,0,0,0,2,2,1,1,0,0,0
Hispanic,Female,60,1267,2131,2.37,1,1,0,0,0,1,1,1,1,0,0,0
Hispanic,Female,74,1067,2131,2.35,1,5,0,0,1,5,5,1,1,0,1,1
Hispanic,Male,74,935,2131,2.05,1,5,0,0,0,5,5,1,1,0,2,1
Asian,Male,82,1332,2131,0.68,0,3,0,0,2,3,3,1,1,0,1,1
Multi,Female,70,1337,2131,2.44,1,4,0,0,0,4,4,1,1,0,0,1
Hispanic,Female,90,1141,2131,3.8,1,1,0,0,0,1,1,1,1,0,1,0
Hispanic,Female,89,1051,2131,3.99,1,2,0,0,2,2,2,1,1,0,0,0
White,Female,92,1412,2131,1.48,1,4,0,0,0,4,4,1,1,0,1,1
Afram,Female,75,1521,2131,1.1,1,4,0,0,0,4,4,1,1,0,2,1
Afram,Male,96,1369,2131,1.12,1,5,0,0,2,5,5,1,1,0,1,1
White,Female,63,1419,2131,2.42,1,2,0,0,1,2,2,1,1,0,1,0
Asian,Female,70,1548,2131,1.08,1,3,0,0,1,3,3,1,1,0,0,1
Multi,Male,87,1118,2131,2.88,1,3,0,0,0,3,3,1,1,0,0,1
Afram,Female,60,913,2131,0.84,0,3,0,0,3,3,3,1,1,0,2,1
Multi,Male,55,1087,2131,0.67,0,2,0,0,0,2,2,1,1,0,0,0
Asian,Male,75,1267,2131,3.59,1,3,0,0,1,3,3,1,1,0,0,1
Asian,Male,97,1030,2131,2.92,1,2,0,0,0,2,2,1,1,0,0,0
White,Female,92,1014,2131,2.58,1,4,0,0,3,4,4,1,1,0,0,1
Multi,Female,92,950,2131,2.32,1,4,0,0,1,4,4,1,1,0,0,1
Multi,Female,75,1154,2131,2.66,1,4,0,0,1,4,4,1,1,0,2,1
White,Female,59,1436,2131,1.2,1,3,0,0,0,3,3,1,1,0,0,1
Multi,Female,98,1405,2131,1.84,1,5,0,0,1,5,5,1,1,0,1,1
Hispanic,Female,63,1223,2131,1.45,1,6,0,0,1,6,6,1,1,0,1,1
White,Male,63,1502,2131,3.1,1,5,0,0,0,5,5,1,1,0,1,1
Multi,Female,84,1168,2131,1.72,1,4,0,0,2,4,4,1,1,0,1,1
Afram,Female,74,1568,2131,1.61,1,4,0,0,0,4,4,1,1,0,1,1
Afram,Male,98,1301,2131,1.67,1,3,0,0,0,3,3,1,1,0,0,1
Hispanic,Female,56,1184,2131,3.35,1,5,0,0,1,5,5,1,1,0,1,1
White,Male,89,1380,2131,1.18,1,4,0,0,2,4,4,1,1,0,0,1
White,Female,70,1397,2131,2.84,1,2,0,0,0,2,2,1,1,0,0,0
White,Female,69,967,2131,1.88,1,2,0,0,0,2,2,1,1,0,1,0
Asian,Male,59,1396,2131,1.28,1,2,0,0,2,2,2,1,1,0,0,0
Hispanic,Female,79,982,2131,2.04,1,3,0,0,0,3,3,1,1,0,0,1
Hispanic,Female,83,1014,2131,3.91,1,1,0,0,0,1,1,1,1,0,1,0
Asian,Female,86,1526,2131,0.73,0,4,0,0,2,4,4,1,1,0,2,1
White,Female,69,1424,2131,2.44,1,5,0,0,0,5,5,1,1,0,1,1
Multi,Female,61,1432,2131,3.21,1,5,0,0,1,5,5,1,1,0,1,1
White,Female,84,1158,2131,3.16,1,3,0,0,0,3,3,1,1,0,1,1
Hispanic,Female,60,972,2131,3.3,1,5,0,0,0,5,5,1,1,0,2,1
Asian,Female,95,1078,2131,3.51,1,1,0,0,1,1,1,1,1,0,0,0
Multi,Female,87,1492,2131,2.6,1,2,0,0,0,2,2,1,1,0,0,0
Asian,Male,59,1192,2131,2.79,1,2,0,0,0,2,2,1,1,0,0,0
Afram,Female,73,1175,2131,1.16,1,4,0,0,1,4,4,1,1,0,0,1
Hispanic,Male,99,1119,2131,1.53,1,4,0,0,2,4,4,1,1,0,2,1
Hispanic,Female,85,930,2131,0.67,0,3,0,0,0,3,3,1,1,0,1,1
Multi,Female,100,1327,2131,2.04,1,4,0,0,1,4,4,1,1,0,0,1
Afram,Female,74,1318,2131,3.73,1,7,0,0,4,7,7,1,1,0,0,1
Asian,Male,61,1254,2131,1.7,1,6,0,0,2,6,6,1,1,0,0,1
Asian,Male,78,1391,2131,0.83,0,5,0,0,1,5,5,1,1,0,0,1
White,Male,71,1498,2131,3.25,1,1,0,0,0,1,1,1,1,0,0,0
Hispanic,Female,91,1347,2131,1.93,1,3,2,0,1,1,1,0.333333333,1,0.666666667,0,0
Multi,Female,88,1312,2131,0.59,0,2,0,0,0,2,2,1,1,0,0,0
Multi,Male,85,1592,2131,1.4,1,2,0,0,0,2,2,1,1,0,0,0
White,Female,70,1417,2131,1.7,1,2,0,0,0,2,2,1,1,0,0,0
White,Female,82,1381,2131,2.24,1,3,0,0,0,3,3,1,1,0,1,1
Asian,Female,55,1453,2131,3.58,1,1,0,0,0,1,1,1,1,0,0,0
White,Female,64,1069,2131,3.46,1,2,0,0,0,2,2,1,1,0,0,0
Asian,Female,89,1158,2131,1.86,1,5,0,0,0,5,5,1,1,0,2,1
Hispanic,Male,58,1145,2131,1.43,1,4,0,0,1,4,4,1,1,0,1,1
Afram,Female,94,1429,2131,2.38,1,1,0,0,0,1,1,1,1,0,0,0
Hispanic,Male,99,1293,2131,3.32,1,1,0,0,0,1,1,1,1,0,0,0
Hispanic,Male,88,1293,2131,0.69,1,2,0,0,1,2,2,1,1,0,1,0
Hispanic,Female,90,1421,2131,3.96,1,5,0,0,0,5,5,1,1,0,0,1
Afram,Female,71,1437,2131,1.04,1,4,0,0,0,4,4,1,1,0,2,1
Hispanic,Female,84,1004,2131,3.31,1,4,0,0,0,4,4,1,1,0,1,1
Hispanic,Male,66,998,2131,3.39,1,4,0,0,0,4,4,1,1,0,1,1
Asian,Male,55,1302,2131,1.54,1,2,0,0,0,2,2,1,1,0,1,0
Multi,Male,92,1075,2131,0.78,1,4,0,0,2,4,4,1,1,0,0,1
Asian,Female,75,1193,2131,1.34,1,6,0,0,0,6,6,1,1,0,1,1
Hispanic,Female,59,1486,2131,2.16,1,2,0,0,1,2,2,1,1,0,1,0
Asian,Male,100,916,2131,2,1,1,0,0,0,1,1,1,1,0,0,0
White,Female,74,1327,2131,1.37,1,4,0,0,2,4,4,1,1,0,0,1
Afram,Female,94,1319,2131,3.5,1,2,0,1,0,1,2,0.5,0.5,0,1,0
Hispanic,Male,92,1079,2131,0.74,1,5,0,0,5,5,5,1,1,0,2,1
Afram,Female,89,1204,2131,3.23,1,5,0,0,2,5,5,1,1,0,0,1
Hispanic,Female,94,1060,2131,1.79,1,6,0,0,0,6,6,1,1,0,0,1
White,Female,92,1380,2131,1.42,1,3,0,0,0,3,3,1,1,0,0,1
Asian,Male,83,917,2131,2.82,1,4,0,0,0,4,4,1,1,0,0,1
Multi,Male,71,1526,2131,1.12,1,3,0,0,0,3,3,1,1,0,1,1
Multi,Female,77,1293,2131,2.29,1,6,0,0,1,6,6,1,1,0,1,1
Multi,Male,61,937,2131,0.71,0,4,0,0,0,4,4,1,1,0,0,1
Asian,Female,98,961,2131,2.44,1,3,0,0,0,3,3,1,1,0,0,1
Multi,Male,50,968,2131,0.86,0,5,0,0,1,5,5,1,1,0,1,1
Hispanic,Male,92,1134,2131,2.45,1,2,0,0,0,2,2,1,1,0,0,0
Asian,Female,90,1553,2131,1.2,1,1,0,0,0,1,1,1,1,0,0,0
Afram,Female,84,979,2131,2.56,1,5,0,0,1,5,5,1,1,0,0,1
White,Female,64,1581,2131,1.35,1,7,0,0,1,7,7,1,1,0,1,1
Asian,Male,61,1381,2131,2.15,1,5,0,0,0,5,5,1,1,0,0,1
Multi,Female,56,1296,2131,3.38,1,2,0,0,0,2,2,1,1,0,0,0
Afram,Female,62,995,2131,1.76,1,7,0,0,0,7,7,1,1,0,1,1
Multi,Male,66,1225,2131,1.77,1,4,0,0,2,4,4,1,1,0,1,1
White,Female,72,1265,2131,1.22,1,4,0,0,0,4,4,1,1,0,0,1
Hispanic,Male,59,1542,2131,2.67,1,3,0,0,1,3,3,1,1,0,3,1
Hispanic,Male,93,1043,2131,0.92,1,3,0,0,1,3,3,1,1,0,1,1
Hispanic,Male,70,1002,2131,0.79,1,3,0,0,0,3,3,1,1,0,1,1
Afram,Male,64,933,2131,0.56,0,3,0,0,0,3,3,1,1,0,0,1
Hispanic,Male,73,936,2131,2.86,1,4,0,0,2,4,4,1,1,0,1,1
Hispanic,Female,88,971,2131,2.12,1,6,0,0,1,6,6,1,1,0,0,1
Multi,Female,99,1289,2131,3.59,1,5,0,0,1,5,5,1,1,0,0,1
Multi,Male,67,1520,2131,2.26,1,6,0,0,0,6,6,1,1,0,0,1
Multi,Female,61,1216,2131,1.27,1,6,0,0,2,6,6,1,1,0,1,1
Multi,Female,97,1377,2131,3.61,1,1,0,0,0,1,1,1,1,0,0,0
Asian,Male,79,1216,2131,3.39,1,5,0,0,2,5,5,1,1,0,2,1
Multi,Female,61,1038,2131,2.56,1,3,0,0,1,3,3,1,1,0,1,1
White,Male,84,1559,2131,1.92,1,10,0,0,2,10,10,1,1,0,0,1
Multi,Female,71,1004,2131,3.9,1,2,0,0,1,2,2,1,1,0,0,0
Hispanic,Female,60,1521,2131,0.95,1,3,0,0,1,3,3,1,1,0,0,1
Asian,Female,81,1256,2131,3.64,1,2,0,0,0,2,2,1,1,0,1,0
Afram,Female,67,1402,2131,0.59,0,1,0,0,0,1,1,1,1,0,1,0
Asian,Female,64,1567,2131,3.75,1,2,0,0,0,2,2,1,1,0,0,0
Multi,Male,58,1063,2131,0.77,0,2,0,0,2,2,2,1,1,0,0,0
Hispanic,Female,77,1082,2131,1.27,1,3,0,0,0,3,3,1,1,0,2,1
Asian,Male,65,1114,2131,2.64,1,2,0,0,0,2,2,1,1,0,0,0
Afram,Female,66,993,2131,3.34,1,4,0,0,1,4,4,1,1,0,1,1
White,Female,97,1155,2131,1.77,1,5,0,0,1,5,5,1,1,0,2,1
Asian,Male,97,1258,2131,3.61,1,4,1,0,2,3,3,0.75,1,0.25,0,1
Afram,Male,90,1349,2131,1.78,1,3,0,0,0,3,3,1,1,0,0,1
Multi,Female,64,967,2131,2.37,1,3,0,0,1,3,3,1,1,0,0,1
White,Male,100,936,2131,3.8,1,1,0,0,0,1,1,1,1,0,1,0
Hispanic,Male,60,1341,2131,0.98,1,2,0,0,0,2,2,1,1,0,0,0
Asian,Female,70,1047,2131,1.81,1,1,0,0,0,1,1,1,1,0,0,0
Afram,Female,60,911,2131,2.55,1,2,0,0,0,2,2,1,1,0,0,0
Hispanic,Female,66,1527,2131,1.93,1,3,0,0,0,3,3,1,1,0,1,1
White,Female,100,1190,2131,1.59,1,1,0,0,1,1,1,1,1,0,0,0
Afram,Female,68,1545,2131,3.61,1,3,0,0,1,3,3,1,1,0,0,1
White,Male,98,1420,2131,1.71,1,2,0,0,0,2,2,1,1,0,1,0
Hispanic,Male,89,1565,2131,2.45,1,2,0,0,1,2,2,1,1,0,0,0
Asian,Male,55,1408,2131,1.77,1,2,0,0,0,2,2,1,1,0,0,0
Hispanic,Male,55,1215,2131,1.64,1,6,0,0,0,6,6,1,1,0,2,1
Asian,Male,58,1194,2131,1.77,1,3,0,0,0,3,3,1,1,0,0,1
White,Male,76,1197,2131,3.97,1,4,0,0,1,4,4,1,1,0,0,1
White,Female,78,1386,2131,2.21,1,3,0,0,1,3,3,1,1,0,0,1
Multi,Male,87,1568,2131,1.22,1,2,0,0,0,2,2,1,1,0,1,0
Hispanic,Female,60,1179,2131,3.42,1,8,0,0,1,8,8,1,1,0,1,1
Multi,Female,69,1258,2131,3.86,1,4,0,0,0,4,4,1,1,0,0,1
Multi,Female,58,1574,2131,3.4,1,4,0,0,1,4,4,1,1,0,0,1
White,Female,71,1315,2131,1.81,1,1,0,0,0,1,1,1,1,0,0,0
Multi,Female,92,1114,2131,2.31,1,3,1,0,0,2,2,0.666666667,1,0.333333333,0,0
Afram,Female,63,1491,2131,2.47,1,7,0,0,0,7,7,1,1,0,0,1
White,Female,71,1003,2131,1.52,1,5,0,0,2,5,5,1,1,0,2,1
Hispanic,Female,65,1594,2131,3.22,1,4,0,0,0,4,4,1,1,0,0,1
Asian,Female,81,1543,2131,1.73,1,3,0,0,0,3,3,1,1,0,1,1
Asian,Female,67,1519,2131,2.7,1,4,0,0,0,4,4,1,1,0,1,1
White,Male,71,1417,2131,2.43,1,2,0,0,0,2,2,1,1,0,0,0
Multi,Male,93,992,2131,2.51,1,6,0,0,0,6,6,1,1,0,0,1
Asian,Male,70,1132,2131,3.36,1,3,0,0,1,3,3,1,1,0,0,1
White,Male,78,1041,2131,3.73,1,6,0,0,1,6,6,1,1,0,1,1
Hispanic,Female,98,1278,2131,2.53,1,1,0,0,0,1,1,1,1,0,0,0
Hispanic,Male,67,1035,2131,2.86,1,7,4,0,2,3,3,0.428571429,1,0.571428571,2,1
Afram,Male,99,1338,2131,3.38,1,3,0,0,0,3,3,1,1,0,1,1
Afram,Male,87,1305,2131,1.42,1,3,0,0,0,3,3,1,1,0,0,1
White,Male,74,1020,2131,1.71,1,4,0,0,2,4,4,1,1,0,0,1
Afram,Male,57,1486,2131,1.39,1,4,0,0,1,4,4,1,1,0,0,1
White,Male,100,1104,2131,1.77,1,4,0,0,0,4,4,1,1,0,1,1
Multi,Female,86,1480,2131,2.97,1,5,0,0,3,5,5,1,1,0,0,1
Asian,Male,86,1208,2131,2.72,1,7,0,0,0,7,7,1,1,0,1,1
Hispanic,Male,93,1280,2131,2.99,1,4,0,0,2,4,4,1,1,0,0,1
Asian,Male,80,1201,2131,0.71,1,2,0,0,0,2,2,1,1,0,0,0
Afram,Male,86,1386,2131,2.79,1,5,0,0,0,5,5,1,1,0,0,1
White,Female,73,1155,2131,3.67,1,3,1,0,1,2,2,0.666666667,1,0.333333333,0,0
Afram,Male,60,1094,2131,0.92,1,5,0,0,2,5,5,1,1,0,0,1
Multi,Female,64,1281,2131,3.33,1,3,0,0,1,3,3,1,1,0,0,1
Multi,Male,83,1309,2131,1.48,1,2,0,0,1,2,2,1,1,0,0,0
White,Male,72,1080,2131,3.66,1,2,0,0,0,2,2,1,1,0,0,0
Multi,Male,84,1396,2131,0.81,0,4,0,0,1,4,4,1,1,0,0,1
Asian,Male,83,982,2131,2.78,1,1,0,0,1,1,1,1,1,0,1,0
Multi,Female,76,1313,2131,1.07,1,4,0,0,0,4,4,1,1,0,1,1
Asian,Female,69,1131,2131,2.44,1,5,0,0,0,5,5,1,1,0,0,1
White,Male,68,1309,2131,0.77,1,4,0,0,1,4,4,1,1,0,1,1
Multi,Male,73,1458,2131,0.79,1,7,0,0,2,7,7,1,1,0,1,1
White,Male,96,1143,2131,1.54,1,3,1,0,2,2,2,0.666666667,1,0.333333333,0,0
White,Male,57,1339,2131,3.15,1,6,0,0,1,6,6,1,1,0,1,1
Multi,Female,59,1250,2131,1.06,1,3,0,0,1,3,3,1,1,0,1,1
Afram,Female,69,1132,2131,1.73,1,2,0,0,0,2,2,1,1,0,0,0
Afram,Female,78,1197,2131,1.71,1,3,0,0,0,3,3,1,1,0,0,1
Asian,Male,68,1286,2131,3.76,1,4,0,0,1,4,4,1,1,0,0,1
Afram,Female,73,1262,2131,0.92,1,10,0,0,1,10,10,1,1,0,2,1
Hispanic,Female,74,1200,2131,1.55,1,1,0,0,0,1,1,1,1,0,1,0
Hispanic,Male,74,1153,2131,1,1,3,0,0,1,3,3,1,1,0,1,1
Multi,Female,86,1468,2131,3.47,1,3,0,0,1,3,3,1,1,0,2,1
White,Female,78,904,2131,3,1,4,0,0,1,4,4,1,1,0,1,1
Asian,Male,100,1342,2131,1.65,1,4,1,2,0,1,3,0.25,0.333333333,0.25,0,1
Multi,Male,98,1399,2131,1.67,1,2,0,0,2,2,2,1,1,0,0,0
Hispanic,Male,79,1027,2131,0.92,1,2,0,0,0,2,2,1,1,0,0,0
Hispanic,Female,99,1446,2131,1.18,1,3,0,0,1,3,3,1,1,0,0,1
Afram,Female,66,1023,2131,2.63,1,5,0,0,1,5,5,1,1,0,0,1
White,Male,74,1414,2131,1.98,1,1,0,0,0,1,1,1,1,0,1,0
Asian,Male,97,1041,2131,2.26,1,3,0,0,0,3,3,1,1,0,1,1
Asian,Female,66,977,2131,2.23,1,4,0,0,0,4,4,1,1,0,0,1
Afram,Male,97,1540,2131,3.12,1,3,0,0,1,3,3,1,1,0,0,1
Asian,Female,81,1279,2131,2.31,1,2,0,0,0,2,2,1,1,0,0,0
White,Male,59,1282,2131,3.1,1,3,0,0,0,3,3,1,1,0,0,1
Asian,Female,84,1269,2131,0.63,0,6,0,0,0,6,6,1,1,0,3,1
Hispanic,Male,67,1319,2131,1.74,1,3,0,0,0,3,3,1,1,0,0,1
Multi,Male,93,1359,2131,3.03,1,2,0,0,0,2,2,1,1,0,0,0
Hispanic,Male,70,1029,2131,2.63,1,6,0,0,0,6,6,1,1,0,1,1
Multi,Male,70,1317,2131,1.22,1,3,0,0,0,3,3,1,1,0,0,1
Multi,Male,88,1589,2131,2.89,1,2,0,0,1,2,2,1,1,0,0,0
Hispanic,Female,97,1148,2131,1.01,1,2,0,0,0,2,2,1,1,0,0,0
Asian,Female,85,1359,2131,1.17,1,4,0,0,0,4,4,1,1,0,0,1
Multi,Female,67,1365,2131,2.14,1,6,0,0,0,6,6,1,1,0,0,1
Hispanic,Male,74,925,2131,3.61,1,5,0,0,1,5,5,1,1,0,0,1
Multi,Male,99,1154,2131,3.71,1,3,0,0,0,3,3,1,1,0,0,1
Hispanic,Male,74,912,2131,2.98,1,2,0,0,0,2,2,1,1,0,1,0
Afram,Female,86,1455,2131,1.51,1,4,0,0,1,4,4,1,1,0,0,1
White,Male,86,1019,2131,2.94,1,2,0,0,1,2,2,1,1,0,0,0
Asian,Male,86,1080,2131,3.58,1,4,0,0,0,4,4,1,1,0,0,1
Hispanic,Male,99,1081,2131,2.51,1,3,0,0,0,3,3,1,1,0,0,1
Asian,Female,82,902,2131,1.2,1,7,0,0,3,7,7,1,1,0,1,1
Afram,Female,62,1508,2131,2.64,1,4,0,0,2,4,4,1,1,0,1,1
Hispanic,Female,87,1101,2131,0.87,1,5,0,0,0,5,5,1,1,0,2,1
Hispanic,Female,58,1072,2131,2.73,1,3,0,0,0,3,3,1,1,0,0,1
Asian,Female,73,1251,2131,2.18,1,3,0,0,1,3,3,1,1,0,1,1
Hispanic,Female,74,974,2131,2.74,1,1,0,0,0,1,1,1,1,0,0,0
White,Male,83,1079,2131,1.61,1,2,0,0,0,2,2,1,1,0,0,0
Asian,Female,71,1248,2131,1.83,1,2,0,0,0,2,2,1,1,0,0,0
Asian,Female,78,1341,2131,2.6,1,2,0,0,1,2,2,1,1,0,0,0
White,Male,56,947,2131,3.32,1,3,0,0,1,3,3,1,1,0,1,1
Multi,Male,100,1190,2131,3.32,1,7,0,0,1,7,7,1,1,0,0,1
Hispanic,Male,87,1339,2131,2.03,1,3,0,0,1,3,3,1,1,0,2,1
Hispanic,Male,71,1487,2131,1.52,1,2,0,0,0,2,2,1,1,0,0,0
Afram,Female,57,1387,2131,1.69,1,2,0,0,0,2,2,1,1,0,1,0
Multi,Male,71,1180,2131,2.72,1,4,0,0,3,4,4,1,1,0,1,1
Hispanic,Male,72,1389,2131,2.23,1,2,0,0,0,2,2,1,1,0,0,0
Afram,Male,72,1092,2131,1.83,1,5,0,0,1,5,5,1,1,0,0,1
Afram,Female,98,1417,2131,2.99,1,4,0,0,0,4,4,1,1,0,0,1
Hispanic,Female,85,1233,2131,3.37,1,3,0,0,0,3,3,1,1,0,1,1
White,Female,77,1009,2131,1.34,1,1,0,0,1,1,1,1,1,0,0,0
White,Male,86,1185,2131,3.89,1,6,0,0,1,6,6,1,1,0,0,1
Asian,Female,68,1325,2131,0.99,1,5,0,0,0,5,5,1,1,0,1,1
White,Female,85,1269,2131,3.12,1,1,0,0,1,1,1,1,1,0,0,0
White,Female,70,1039,2131,1.09,1,1,0,0,0,1,1,1,1,0,1,0
Multi,Female,72,1314,2131,2.38,1,7,0,0,2,7,7,1,1,0,0,1
Asian,Female,69,1542,2131,3.54,1,6,0,0,2,6,6,1,1,0,0,1
White,Female,84,1162,2131,0.75,0,4,0,0,0,4,4,1,1,0,0,1
Hispanic,Male,58,1590,2131,1.81,1,1,0,0,0,1,1,1,1,0,0,0
Hispanic,Female,74,1546,2131,2.45,1,4,0,0,0,4,4,1,1,0,3,1
Hispanic,Female,72,1341,2131,0.66,0,6,1,0,4,5,5,0.833333333,1,0.166666667,1,1
Multi,Male,61,1032,2131,1.92,1,6,0,0,0,6,6,1,1,0,2,1
Afram,Female,62,977,2131,3.51,1,1,0,0,0,1,1,1,1,0,0,0
Multi,Female,82,1374,2131,0.88,1,6,0,0,0,6,6,1,1,0,0,1
Hispanic,Female,71,1371,2131,3.48,1,2,0,0,0,2,2,1,1,0,0,0
Multi,Female,60,1342,2131,1.74,1,9,0,0,0,9,9,1,1,0,1,1
Hispanic,Female,94,1167,2131,2.6,1,1,0,0,0,1,1,1,1,0,0,0
Afram,Female,65,991,2131,3.52,1,3,0,0,0,3,3,1,1,0,0,1
Multi,Female,83,1227,2131,1.89,1,5,0,0,2,5,5,1,1,0,2,1
Hispanic,Female,92,1193,2131,0.93,1,3,0,0,1,3,3,1,1,0,0,1
White,Male,71,1102,2131,2.64,1,3,0,0,1,3,3,1,1,0,0,1
White,Male,65,1239,2131,3.17,1,2,0,0,2,2,2,1,1,0,0,0
Asian,Male,70,926,2131,2.52,1,1,0,0,0,1,1,1,1,0,0,0
Hispanic,Male,82,1498,2131,1.15,1,2,0,0,0,2,2,1,1,0,0,0
Afram,Male,80,1385,2131,3.98,1,4,0,0,1,4,4,1,1,0,0,1
Afram,Female,57,1140,2131,1.45,1,4,0,0,0,4,4,1,1,0,2,1
Multi,Male,81,1145,2131,3.05,1,3,0,0,0,3,3,1,1,0,0,1
White,Male,84,1548,2131,1.83,1,3,0,0,1,3,3,1,1,0,0,1
White,Male,96,1488,2131,3.08,1,4,0,0,1,4,4,1,1,0,0,1
Multi,Male,84,981,2131,3.1,1,1,0,0,0,1,1,1,1,0,0,0
Multi,Female,81,1433,2131,0.69,1,4,0,0,0,4,4,1,1,0,1,1
Hispanic,Male,70,1244,2131,1.55,1,5,0,0,1,5,5,1,1,0,0,1
White,Female,89,1315,2131,1.46,1,3,1,0,1,2,2,0.666666667,1,0.333333333,0,0
Asian,Male,88,1501,2131,1.55,1,2,0,0,0,2,2,1,1,0,1,0
Multi,Male,86,962,2131,2.43,1,6,0,0,1,6,6,1,1,0,1,1
White,Female,69,1484,2131,3.7,1,2,0,0,0,2,2,1,1,0,0,0
Afram,Female,100,1596,2131,1.81,1,1,0,0,0,1,1,1,1,0,0,0
White,Female,82,1570,2131,1.26,1,6,0,0,2,6,6,1,1,0,1,1
White,Female,81,1302,2131,0.96,1,5,0,0,0,5,5,1,1,0,1,1
Hispanic,Female,59,1189,2131,3.69,1,3,0,0,3,3,3,1,1,0,2,1
Asian,Female,73,1165,2131,1.64,1,1,0,0,0,1,1,1,1,0,0,0
Multi,Male,50,1250,2131,0.61,0,3,0,0,0,3,3,1,1,0,1,1
Afram,Female,88,1024,2131,2.69,1,1,0,0,0,1,1,1,1,0,0,0
White,Male,81,1169,2131,3.18,1,4,1,0,3,3,3,0.75,1,0.25,1,1
Hispanic,Female,86,1064,2131,2.06,1,8,0,0,2,8,8,1,1,0,1,1
Afram,Male,71,901,2131,1.2,1,3,0,0,1,3,3,1,1,0,1,1
Multi,Female,72,966,2131,1.71,1,3,0,0,2,3,3,1,1,0,0,1
White,Male,56,1355,2131,2.41,1,3,0,0,0,3,3,1,1,0,1,1
Multi,Male,99,1016,2131,3.68,1,9,0,0,2,9,9,1,1,0,2,1
Hispanic,Female,65,1184,2131,2.64,1,5,0,0,1,5,5,1,1,0,0,1
Multi,Female,71,1111,2131,2.19,1,5,0,0,0,5,5,1,1,0,2,1
Afram,Female,65,1092,2131,1.35,1,5,0,0,1,5,5,1,1,0,0,1
Afram,Female,77,1519,2131,2.2,1,5,0,0,2,5,5,1,1,0,2,1
White,Male,67,1536,2131,0.78,1,6,0,0,1,6,6,1,1,0,2,1
Afram,Male,92,1452,2131,2.48,1,3,0,0,2,3,3,1,1,0,0,1
Asian,Male,80,978,2131,1.2,1,2,0,0,0,2,2,1,1,0,0,0
Afram,Male,98,1216,2131,3.62,1,6,0,0,0,6,6,1,1,0,1,1
Afram,Male,82,1432,2131,2.87,1,8,0,0,2,8,8,1,1,0,2,1
Hispanic,Female,87,1044,2131,3.48,1,3,0,0,1,3,3,1,1,0,1,1
Multi,Male,74,1457,2131,2.16,1,2,0,0,1,2,2,1,1,0,0,0
White,Male,89,1395,2131,3.3,1,6,0,0,0,6,6,1,1,0,0,1
Afram,Female,96,1497,2131,0.94,1,1,0,0,0,1,1,1,1,0,0,0
Asian,Male,67,1173,2131,1.46,1,3,0,0,0,3,3,1,1,0,0,1
Hispanic,Male,67,1528,2131,0.81,0,6,0,0,1,6,6,1,1,0,2,1
Afram,Male,77,1574,2131,2.03,1,3,0,0,0,3,3,1,1,0,0,1
Asian,Male,98,1511,2131,3.38,1,2,0,0,1,2,2,1,1,0,1,0
Asian,Male,93,1195,2131,1.44,1,2,0,0,2,2,2,1,1,0,0,0
Afram,Female,58,1109,2131,1.53,1,5,0,0,2,5,5,1,1,0,1,1
Multi,Female,78,1092,2131,3.64,1,1,0,0,0,1,1,1,1,0,0,0
White,Male,82,1476,2131,3.21,1,4,0,0,1,4,4,1,1,0,0,1
Hispanic,Female,76,1302,2131,1.41,1,3,0,0,0,3,3,1,1,0,2,1
Multi,Female,91,1358,2131,1.82,1,6,0,0,1,6,6,1,1,0,2,1
Multi,Male,60,1145,2131,3.98,1,2,0,0,0,2,2,1,1,0,0,0
White,Female,74,912,2131,1.05,1,3,0,0,0,3,3,1,1,0,0,1
Afram,Male,86,1458,2131,1.49,1,4,0,0,1,4,4,1,1,0,1,1
Multi,Male,84,1378,2131,1.14,1,5,0,0,1,5,5,1,1,0,1,1
Asian,Male,83,1321,2131,1.72,1,2,0,0,0,2,2,1,1,0,1,0
Asian,Female,70,1195,2131,3.39,1,6,1,0,4,5,5,0.833333333,1,0.166666667,1,1
Multi,Male,98,1262,2131,1.77,1,4,0,0,0,4,4,1,1,0,2,1
Asian,Male,72,1588,2131,2.34,1,3,0,0,1,3,3,1,1,0,0,1
Afram,Female,90,1240,2131,1.18,1,3,0,0,1,3,3,1,1,0,0,1
Multi,Male,93,971,2131,3.04,1,3,0,0,0,3,3,1,1,0,1,1
Multi,Female,77,1376,2131,1.03,1,2,0,0,0,2,2,1,1,0,0,0
Hispanic,Male,82,1247,2131,3.87,1,5,0,0,1,5,5,1,1,0,1,1
White,Female,56,1464,2131,2.87,1,2,0,0,1,2,2,1,1,0,0,0
Afram,Male,99,1572,2131,3.16,1,4,0,0,0,4,4,1,1,0,1,1
Multi,Female,59,929,2131,0.97,1,4,0,0,0,4,4,1,1,0,1,1
Asian,Female,58,1540,2131,0.91,1,4,0,0,0,4,4,1,1,0,0,1
Hispanic,Female,76,1584,2131,0.66,0,3,1,0,1,2,2,0.666666667,1,0.333333333,0,0
Asian,Male,72,1113,2131,3.19,1,6,0,0,1,6,6,1,1,0,0,1
Afram,Female,81,1501,2131,3.52,1,3,0,0,2,3,3,1,1,0,1,1
Asian,Male,70,1225,2131,2.66,1,2,0,0,0,2,2,1,1,0,0,0
Asian,Male,84,1584,2131,1.57,1,2,0,0,0,2,2,1,1,0,0,0
Hispanic,Female,73,1586,2131,1.71,1,4,0,0,0,4,4,1,1,0,0,1
Asian,Male,72,1012,2131,1.83,1,4,0,0,1,4,4,1,1,0,2,1
Asian,Male,75,1292,2131,3.84,1,5,0,0,1,5,5,1,1,0,1,1
White,Female,86,1269,2131,3.94,1,5,0,0,1,5,5,1,1,0,1,1
White,Female,60,1393,2131,3.33,1,2,0,0,0,2,2,1,1,0,0,0
Hispanic,Male,74,1084,2131,1.42,1,5,0,0,1,5,5,1,1,0,2,1
Multi,Female,70,1166,2131,0.95,1,3,0,0,1,3,3,1,1,0,0,1
Hispanic,Female,83,1446,2131,1.23,1,2,0,0,0,2,2,1,1,0,0,0
Afram,Male,73,967,2131,1.76,1,4,0,0,0,4,4,1,1,0,1,1
Asian,Male,77,1381,2131,0.71,0,4,0,0,0,4,4,1,1,0,2,1
Multi,Male,74,1378,2131,2.67,1,2,0,0,1,2,2,1,1,0,0,0
White,Female,96,1380,2131,2.45,1,1,0,0,0,1,1,1,1,0,0,0
White,Female,62,1223,2131,2.74,1,1,0,0,0,1,1,1,1,0,0,0
White,Female,59,1210,2131,2.43,1,4,0,0,1,4,4,1,1,0,0,1
Multi,Female,98,1295,2131,2.64,1,1,0,0,1,1,1,1,1,0,0,0
Asian,Male,74,1330,2131,1.81,1,3,0,0,1,3,3,1,1,0,1,1
Afram,Male,94,1402,2131,0.63,1,4,0,0,0,4,4,1,1,0,0,1
Multi,Female,100,1230,2131,1.03,1,6,0,0,4,6,6,1,1,0,1,1
Hispanic,Female,68,1320,2131,3.55,1,5,0,0,0,5,5,1,1,0,1,1
White,Female,76,1577,2131,1.56,1,5,0,0,1,5,5,1,1,0,1,1
Asian,Male,57,1599,2131,2.25,1,5,0,0,1,5,5,1,1,0,1,1
Asian,Female,60,1510,2131,2.04,1,3,0,0,0,3,3,1,1,0,2,1
Hispanic,Male,99,1376,2131,2.33,1,4,0,0,0,4,4,1,1,0,1,1
Multi,Male,90,942,2131,3.09,1,4,0,0,0,4,4,1,1,0,0,1
White,Female,96,1308,2131,3.34,1,2,0,0,0,2,2,1,1,0,1,0
White,Female,97,1418,2131,0.91,1,4,0,0,1,4,4,1,1,0,0,1
Hispanic,Male,72,1324,2131,2.59,1,4,0,0,1,4,4,1,1,0,0,1
White,Male,70,1414,2131,1.52,1,2,0,0,0,2,2,1,1,0,0,0
Hispanic,Male,92,1298,2131,3.21,1,1,1,0,0,0,0,0,NA,1,0,0
Hispanic,Female,73,1197,2131,2.68,1,2,0,0,0,2,2,1,1,0,0,0
Afram,Male,88,954,2131,2.03,1,4,0,0,1,4,4,1,1,0,0,1
White,Female,70,900,2131,1.17,1,7,0,0,1,7,7,1,1,0,1,1
Hispanic,Female,78,1562,2131,0.84,0,5,0,0,1,5,5,1,1,0,1,1
Hispanic,Female,70,1228,2131,3.9,1,2,0,0,0,2,2,1,1,0,1,0
White,Male,97,1128,2131,2.51,1,1,0,0,0,1,1,1,1,0,0,0
Multi,Female,63,1393,2131,3.07,1,7,0,0,3,7,7,1,1,0,1,1
Afram,Female,82,1545,2131,3.49,1,2,0,0,0,2,2,1,1,0,0,0
Afram,Male,91,1151,2131,3.28,1,4,0,0,0,4,4,1,1,0,1,1
Multi,Male,82,1342,2131,3.77,1,4,0,0,0,4,4,1,1,0,0,1
Multi,Female,74,1044,2131,2.61,1,6,1,0,4,5,5,0.833333333,1,0.166666667,0,1
Hispanic,Male,95,1556,2131,3.41,1,2,0,0,0,2,2,1,1,0,1,0
Afram,Female,69,1147,2131,3.78,1,5,0,0,1,5,5,1,1,0,2,1
White,Male,75,1468,2131,2.93,1,3,0,0,0,3,3,1,1,0,1,1
Multi,Female,73,1491,2131,2.88,1,3,0,0,0,3,3,1,1,0,1,1
Afram,Female,97,959,2131,2.49,1,1,0,0,0,1,1,1,1,0,0,0
Hispanic,Male,77,1124,2131,2.48,1,2,0,0,1,2,2,1,1,0,2,0
White,Female,71,1330,2131,3.64,1,2,0,0,0,2,2,1,1,0,0,0
White,Female,93,1256,2131,3.74,1,5,0,0,0,5,5,1,1,0,1,1
Asian,Male,72,1277,2131,3.8,1,3,0,0,1,3,3,1,1,0,0,1
Hispanic,Male,59,1585,2131,1.87,1,3,0,0,0,3,3,1,1,0,0,1
Afram,Male,75,1307,2131,2.69,1,3,0,0,1,3,3,1,1,0,0,1
Afram,Female,95,1084,2131,2.49,1,2,0,0,0,2,2,1,1,0,0,0
Hispanic,Female,65,1358,2131,3.91,1,3,0,0,1,3,3,1,1,0,2,1
White,Male,83,1289,2131,1.26,1,2,0,0,0,2,2,1,1,0,1,0
Afram,Male,63,1583,2131,2.85,1,1,0,0,0,1,1,1,1,0,0,0
Hispanic,Male,64,1315,2131,3.61,1,4,0,0,1,4,4,1,1,0,1,1
Afram,Male,84,1258,2131,3.55,1,3,0,0,1,3,3,1,1,0,1,1
Asian,Female,69,1543,2131,1.98,1,7,0,0,1,7,7,1,1,0,0,1
Hispanic,Female,70,1124,2131,2.78,1,3,0,0,0,3,3,1,1,0,1,1
Multi,Male,70,1198,2131,2.48,1,3,0,0,0,3,3,1,1,0,1,1
Asian,Female,84,1552,2131,1.77,1,2,0,0,1,2,2,1,1,0,1,0
Hispanic,Male,96,1406,2131,1.31,1,1,0,0,0,1,1,1,1,0,0,0
Multi,Female,78,974,2131,0.77,0,1,0,0,0,1,1,1,1,0,0,0
Multi,Female,72,1260,2131,3.79,1,4,0,0,1,4,4,1,1,0,1,1
Afram,Male,76,1162,2131,2.77,1,4,0,0,0,4,4,1,1,0,0,1
Multi,Female,82,1109,2131,1.34,1,3,0,0,1,3,3,1,1,0,0,1
Afram,Female,62,1096,2131,2.6,1,2,0,0,0,2,2,1,1,0,0,0
Afram,Male,89,1574,2131,0.99,1,2,0,0,0,2,2,1,1,0,2,0
Multi,Female,73,965,2131,2.11,1,2,0,0,0,2,2,1,1,0,0,0
Multi,Female,89,1052,2131,2.23,1,2,0,0,0,2,2,1,1,0,0,0
Asian,Male,59,1102,2131,0.72,1,2,0,0,0,2,2,1,1,0,0,0
Multi,Male,56,1094,2131,1.06,1,2,0,0,1,2,2,1,1,0,0,0
Asian,Female,73,1045,2131,3.68,1,5,0,0,1,5,5,1,1,0,0,1
Hispanic,Female,56,1310,2131,0.69,1,7,0,0,2,7,7,1,1,0,1,1
Afram,Female,62,1273,2131,1.28,1,2,0,0,1,2,2,1,1,0,0,0
Multi,Male,64,1484,2131,0.9,1,4,0,0,1,4,4,1,1,0,1,1
Afram,Male,64,1470,2131,1.95,1,1,0,0,1,1,1,1,1,0,0,0
Hispanic,Female,83,1318,2131,3.03,1,9,0,0,1,9,9,1,1,0,1,1
Multi,Male,88,1192,2131,2.64,1,3,0,0,1,3,3,1,1,0,2,1
Afram,Female,71,1497,2131,2.05,1,4,0,0,2,4,4,1,1,0,2,1
Multi,Male,99,1086,2131,1.82,1,8,0,0,1,8,8,1,1,0,2,1
Asian,Female,72,1084,2131,1.39,1,5,1,1,3,3,4,0.6,0.75,0.2,1,1
Hispanic,Male,94,1569,2131,3,1,2,0,0,1,2,2,1,1,0,2,0
Asian,Male,88,1401,2131,2.66,1,1,0,0,0,1,1,1,1,0,0,0
Hispanic,Male,68,1510,2131,2.29,1,3,0,0,0,3,3,1,1,0,0,1
Multi,Male,98,1175,2131,0.94,1,5,0,0,1,5,5,1,1,0,2,1
White,Female,86,1318,2131,1.16,1,4,0,0,1,4,4,1,1,0,1,1
Asian,Male,77,1018,2131,2.37,1,3,0,0,1,3,3,1,1,0,1,1
Asian,Female,82,1123,2131,3.29,1,4,0,0,0,4,4,1,1,0,0,1
White,Male,88,1593,2131,3.96,1,2,0,0,0,2,2,1,1,0,0,0
Asian,Female,83,1440,2131,1.17,1,3,0,0,2,3,3,1,1,0,1,1
Hispanic,Male,64,1184,2131,1.99,1,4,0,0,0,4,4,1,1,0,0,1
White,Male,56,1191,2131,2.93,1,4,0,0,0,4,4,1,1,0,0,1
Afram,Female,93,1230,2131,1.28,1,1,0,0,1,1,1,1,1,0,0,0
Hispanic,Male,70,1280,2131,0.84,0,2,0,0,0,2,2,1,1,0,1,0
Multi,Female,72,1071,2131,0.89,1,4,0,0,3,4,4,1,1,0,1,1
White,Female,76,1208,2131,3.04,1,2,0,0,1,2,2,1,1,0,2,0
Afram,Female,59,1143,2131,2.04,1,1,0,0,0,1,1,1,1,0,0,0
Afram,Female,83,1417,2131,0.84,0,5,0,0,1,5,5,1,1,0,1,1
White,Male,83,1386,2131,3.92,1,3,0,0,0,3,3,1,1,0,0,1
Asian,Female,89,1221,2131,3.49,1,5,0,0,0,5,5,1,1,0,0,1
Multi,Female,85,938,2141,2.58,1,2,0,0,1,2,2,1,1,0,0,0
Hispanic,Female,75,1453,2141,1.29,1,4,0,0,1,4,4,1,1,0,1,1
Afram,Female,91,1418,2141,3.27,1,5,0,0,1,5,5,1,1,0,1,1
Afram,Female,89,1291,2131,0.79,0,4,1,0,2,3,3,0.75,1,0.25,0,1
Multi,Male,72,957,2141,2.68,1,5,0,0,0,5,5,1,1,0,3,1
Afram,Female,86,1412,2141,0.97,1,4,0,0,0,4,4,1,1,0,0,1
Asian,Female,98,932,2141,3.26,1,4,0,0,1,4,4,1,1,0,0,1
Afram,Female,73,1414,2141,2.12,1,4,0,0,0,4,4,1,1,0,1,1
Afram,Female,68,1587,2141,2,1,5,0,0,2,5,5,1,1,0,1,1
Afram,Female,51,1220,2141,0.8,0,4,0,0,2,4,4,1,1,0,0,1
Afram,Female,73,1223,2141,0.57,1,3,0,0,2,3,3,1,1,0,1,1
Asian,Female,65,1459,2141,1.04,1,3,0,0,0,3,3,1,1,0,0,1
Multi,Male,73,1036,2141,3.25,1,5,0,0,1,5,5,1,1,0,0,1
Afram,Male,55,1541,2141,1.51,1,5,0,0,1,5,5,1,1,0,1,1
Afram,Female,74,1531,2131,2.78,1,4,0,0,1,4,4,1,1,0,2,1
Hispanic,Male,100,1313,2141,3.34,1,3,0,0,0,3,3,1,1,0,2,1
White,Male,79,1079,2141,2.93,1,2,0,0,0,2,2,1,1,0,0,0
Afram,Female,83,1441,2141,3.64,1,3,0,0,0,3,3,1,1,0,1,1
Multi,Female,72,1085,2141,2.82,1,4,0,0,0,4,4,1,1,0,0,1
White,Male,57,1124,2141,3.46,1,2,0,0,0,2,2,1,1,0,0,0
Afram,Male,91,1446,2141,2.23,1,3,0,0,0,3,3,1,1,0,0,1
Hispanic,Female,80,916,2141,3.49,1,3,0,0,1,3,3,1,1,0,1,1
Asian,Male,68,1252,2141,2.14,1,3,0,0,1,3,3,1,1,0,0,1
Asian,Male,64,1431,2141,3.73,1,3,0,0,0,3,3,1,1,0,0,1
Asian,Male,66,1558,2141,2.37,1,3,0,0,1,3,3,1,1,0,1,1
White,Female,70,1104,2131,2.48,1,8,1,0,6,7,7,0.875,1,0.125,4,1
White,Female,73,1375,2141,2.87,1,3,0,0,0,3,3,1,1,0,0,1
Afram,Female,87,1053,2141,0.53,0,1,0,0,0,1,1,1,1,0,0,0
Afram,Male,78,1494,2141,1.93,1,3,0,0,1,3,3,1,1,0,0,1
Multi,Female,84,1402,2141,1.72,1,3,0,0,0,3,3,1,1,0,1,1
Afram,Female,55,1467,2141,2.12,1,2,0,0,0,2,2,1,1,0,0,0
Multi,Male,54,1064,2141,0.7,0,7,0,0,1,7,7,1,1,0,0,1
Afram,Female,68,1209,2141,1.17,1,3,0,0,1,3,3,1,1,0,0,1
Afram,Male,93,956,2141,3.07,1,4,0,0,0,4,4,1,1,0,1,1
Hispanic,Male,97,1427,2141,2.13,1,6,0,0,4,6,6,1,1,0,2,1
Afram,Male,81,1389,2141,1.99,1,3,0,0,0,3,3,1,1,0,1,1
White,Female,85,1505,2131,3.62,1,4,0,0,4,4,4,1,1,0,2,1
White,Female,91,1076,2141,0.93,1,7,0,0,0,7,7,1,1,0,1,1
Afram,Female,83,1390,2141,1.02,1,3,0,0,0,3,3,1,1,0,1,1
Asian,Male,88,1296,2141,0.68,0,3,0,0,0,3,3,1,1,0,0,1
Afram,Female,78,1520,2141,2.94,1,2,0,0,0,2,2,1,1,0,0,0
Asian,Female,77,1423,2141,3.99,1,3,0,0,1,3,3,1,1,0,0,1
Afram,Female,58,1352,2141,3.69,1,1,0,0,0,1,1,1,1,0,0,0
Hispanic,Female,85,1212,2141,3.73,1,6,0,0,4,6,6,1,1,0,0,1
Asian,Female,60,946,2141,1.56,1,5,0,0,1,5,5,1,1,0,2,1
Asian,Male,96,950,2141,1.47,1,3,0,0,1,3,3,1,1,0,1,1
Hispanic,Female,89,1377,2141,2.7,1,4,0,0,0,4,4,1,1,0,1,1
Asian,Male,81,1364,2141,2.83,1,3,0,0,0,3,3,1,1,0,0,1
Asian,Male,79,1485,2141,3.89,1,6,0,0,4,6,6,1,1,0,1,1
Asian,Female,72,1521,2141,1.09,1,2,0,0,0,2,2,1,1,0,0,0
Asian,Male,81,907,2141,0.64,0,4,0,0,2,4,4,1,1,0,1,1
Multi,Male,97,1501,2141,1.49,1,10,0,0,1,10,10,1,1,0,2,1
Hispanic,Female,56,1314,2141,2.74,1,5,0,0,0,5,5,1,1,0,1,1
Asian,Male,61,1362,2141,2.31,1,1,0,0,0,1,1,1,1,0,0,0
Hispanic,Female,57,1084,2141,2.82,1,4,0,0,1,4,4,1,1,0,0,1
White,Male,79,1454,2141,3.5,1,5,0,0,0,5,5,1,1,0,3,1
Asian,Female,72,1108,2141,3.01,1,4,0,0,0,4,4,1,1,0,0,1
White,Female,79,1187,2141,1.63,1,7,0,0,1,7,7,1,1,0,0,1
Asian,Male,99,1561,2141,1.57,1,6,0,0,2,6,6,1,1,0,1,1
Afram,Female,69,1152,2141,0.78,1,3,0,0,0,3,3,1,1,0,2,1
Asian,Male,70,1590,2141,1.08,1,1,0,0,0,1,1,1,1,0,0,0
White,Male,81,1381,2141,1.54,1,3,0,0,0,3,3,1,1,0,0,1
Afram,Male,71,1438,2141,3.25,1,4,0,0,0,4,4,1,1,0,0,1
Multi,Male,82,1139,2141,2,1,7,0,0,2,7,7,1,1,0,1,1
White,Male,78,1272,2141,0.92,1,4,0,0,1,4,4,1,1,0,2,1
Asian,Female,72,1003,2141,0.97,1,7,0,0,2,7,7,1,1,0,1,1
Afram,Female,71,919,2141,1.6,1,5,0,0,1,5,5,1,1,0,1,1
Afram,Male,76,1130,2131,2.5,1,3,1,0,2,2,2,0.666666667,1,0.333333333,0,0
Asian,Male,74,1383,2141,3.83,1,3,0,0,0,3,3,1,1,0,2,1
White,Female,80,929,2141,1.68,1,4,0,0,0,4,4,1,1,0,1,1
Hispanic,Male,92,1083,2141,2.14,1,3,0,0,0,3,3,1,1,0,2,1
Hispanic,Male,60,1249,2141,3.03,1,3,0,0,1,3,3,1,1,0,0,1
Multi,Male,86,1498,2141,3.48,1,5,0,0,1,5,5,1,1,0,0,1
Hispanic,Male,67,1406,2141,3.36,1,3,0,0,0,3,3,1,1,0,0,1
White,Female,63,1293,2141,1.34,1,3,0,0,1,3,3,1,1,0,1,1
Multi,Female,71,1261,2141,2.53,1,5,0,0,0,5,5,1,1,0,1,1
Asian,Male,94,1228,2141,3.72,1,3,0,0,0,3,3,1,1,0,1,1
White,Male,79,1562,2141,0.68,0,5,0,0,1,5,5,1,1,0,2,1
Asian,Male,77,1460,2131,1.82,1,4,1,0,2,3,3,0.75,1,0.25,1,1
Afram,Female,92,1411,2141,3.56,1,5,0,0,1,5,5,1,1,0,1,1
Multi,Male,74,1337,2141,3.92,1,3,0,0,0,3,3,1,1,0,1,1
Hispanic,Male,74,1054,2141,4,1,5,0,0,0,5,5,1,1,0,1,1
Multi,Male,79,1199,2141,2.98,1,3,0,0,0,3,3,1,1,0,0,1
Multi,Female,74,1023,2141,1.97,1,4,0,0,0,4,4,1,1,0,0,1
Afram,Female,94,1006,2141,1.57,1,4,0,0,1,4,4,1,1,0,0,1
Multi,Female,85,1209,2141,0.8,0,3,0,0,0,3,3,1,1,0,0,1
Asian,Female,62,1299,2141,0.79,0,4,0,0,0,4,4,1,1,0,0,1
Hispanic,Male,93,1585,2141,2.1,1,4,0,0,0,4,4,1,1,0,1,1
Multi,Male,96,1056,2141,1.49,1,1,0,0,0,1,1,1,1,0,1,0
Multi,Female,71,1345,2131,2.17,1,2,1,1,0,0,1,0,0,0.5,0,0
Multi,Male,81,1405,2131,3.97,1,8,0,0,4,8,8,1,1,0,1,1
Hispanic,Female,71,1380,2141,3.19,1,2,0,0,0,2,2,1,1,0,0,0
Multi,Male,55,1590,2141,0.95,1,4,0,0,0,4,4,1,1,0,1,1
Asian,Male,99,1035,2141,2.56,1,2,0,0,0,2,2,1,1,0,1,0
Hispanic,Male,85,1315,2141,1.07,1,5,0,0,0,5,5,1,1,0,1,1
Afram,Male,81,949,2141,1.03,1,6,0,0,2,6,6,1,1,0,0,1
Hispanic,Male,87,1509,2141,2.26,1,4,0,0,0,4,4,1,1,0,1,1
Multi,Female,62,1094,2141,0.94,1,4,0,0,3,4,4,1,1,0,1,1
White,Male,88,1591,2141,1.13,1,6,0,0,1,6,6,1,1,0,0,1
Hispanic,Male,88,1126,2141,2.95,1,1,0,0,0,1,1,1,1,0,0,0
Asian,Male,100,952,2141,1.17,1,4,0,0,0,4,4,1,1,0,0,1
Asian,Female,72,1039,2141,2.8,1,3,0,0,0,3,3,1,1,0,0,1
Asian,Male,77,1577,2141,2.76,1,4,0,0,2,4,4,1,1,0,0,1
Hispanic,Male,84,1070,2141,1.66,1,4,0,0,0,4,4,1,1,0,1,1
White,Female,72,1513,2141,1.1,1,1,0,0,0,1,1,1,1,0,0,0
White,Male,56,1586,2141,1.66,1,4,0,0,1,4,4,1,1,0,1,1
Multi,Male,68,1215,2141,0.73,0,5,0,0,2,5,5,1,1,0,0,1
Asian,Male,87,1392,2141,3.78,1,2,0,0,0,2,2,1,1,0,0,0
Asian,Male,73,1375,2141,3.3,1,2,0,0,0,2,2,1,1,0,1,0
Afram,Female,99,1296,2141,2.76,1,4,0,0,1,4,4,1,1,0,1,1
Hispanic,Male,77,1328,2141,3.13,1,4,0,0,0,4,4,1,1,0,0,1
Asian,Female,78,1440,2131,2.13,1,4,0,0,3,4,4,1,1,0,0,1
Multi,Female,55,1107,2141,2.14,1,6,0,0,1,6,6,1,1,0,1,1
Hispanic,Female,77,1477,2141,3.06,1,5,0,0,0,5,5,1,1,0,2,1
White,Male,71,1073,2141,3.44,1,6,0,0,1,6,6,1,1,0,0,1
Hispanic,Male,70,1552,2141,2.74,1,2,0,0,0,2,2,1,1,0,0,0
Asian,Female,71,1264,2141,0.94,1,3,0,0,0,3,3,1,1,0,0,1
Afram,Female,86,1427,2141,2.45,1,4,0,0,2,4,4,1,1,0,2,1
Multi,Male,71,1339,2141,1.85,1,4,0,0,0,4,4,1,1,0,2,1
Hispanic,Male,68,1163,2141,3.08,1,5,0,0,0,5,5,1,1,0,1,1
Multi,Male,97,1540,2141,2.1,1,2,0,0,0,2,2,1,1,0,0,0
White,Male,95,1130,2141,1.72,1,4,0,0,0,4,4,1,1,0,0,1
Afram,Male,68,1134,2141,3.32,1,2,0,0,0,2,2,1,1,0,0,0
White,Male,78,900,2141,1.19,1,4,0,0,1,4,4,1,1,0,0,1
Asian,Female,86,1388,2141,0.98,1,2,0,0,0,2,2,1,1,0,0,0
Hispanic,Female,57,1151,2141,2.77,1,2,0,0,1,2,2,1,1,0,0,0
Afram,Male,75,992,2141,0.52,1,2,0,0,0,2,2,1,1,0,0,0
Multi,Male,69,1457,2141,3.52,1,6,0,0,0,6,6,1,1,0,2,1
White,Female,62,1281,2141,3.62,1,4,0,0,0,4,4,1,1,0,1,1
White,Male,71,1377,2141,2.27,1,1,0,0,0,1,1,1,1,0,0,0
White,Female,68,1309,2141,3.73,1,8,0,0,1,8,8,1,1,0,1,1
Hispanic,Male,67,971,2141,0.93,1,6,0,0,4,6,6,1,1,0,2,1
Multi,Male,70,1286,2131,1.1,1,4,1,0,3,3,3,0.75,1,0.25,1,1
Multi,Female,63,1541,2141,3.66,1,3,0,0,0,3,3,1,1,0,1,1
White,Male,77,1339,2141,1.15,1,1,0,0,0,1,1,1,1,0,0,0
Asian,Female,89,1292,2141,1.62,1,4,0,0,0,4,4,1,1,0,2,1
Asian,Male,74,1497,2141,3.43,1,4,0,0,1,4,4,1,1,0,0,1
Multi,Male,61,1285,2141,3.36,1,2,0,0,1,2,2,1,1,0,1,0
Hispanic,Female,68,1167,2141,1.93,1,4,0,0,0,4,4,1,1,0,1,1
Afram,Female,61,1199,2141,0.91,1,2,0,0,1,2,2,1,1,0,0,0
Hispanic,Male,63,1594,2141,3.43,1,3,0,0,0,3,3,1,1,0,0,1
